NAME,SMILES,CLASS
50243561,C/C=C/C[C@@H](C)[C@@H](O)[C@H]1C(=O)N[C@@H](CC)C(=O)N(C)[C@H](C)C(=O)N(CC)[C@@H](C(C)C)C(=O)N[C@@H](C(C)C)C(=O)N(C)[C@@H](CC(C)C)C(=O)N[C@@H](C)C(=O)N[C@H](C)C(=O)N(C)[C@@H](CC(C)C)C(=O)N(C)[C@@H](CC(C)C)C(=O)N(C)[C@@H](C(C)C)C(=O)N1C,1
317676,C/C=C/CC(C)C(O)C1C(=O)NC(CC)C(=O)N(C)C(C)C(=O)N(CC)C(C(C)C)C(=O)NC(C(C)C)C(=O)N(C)C(CC(C)C)C(=O)NC(C)C(=O)NC(C)C(=O)N(C)C(CC(C)C)C(=O)N(C)C(CC(C)C)C(=O)N(C)C(C(C)C)C(=O)N1C,1
51350482,CCc1ccc(CCOc2ccc(CC3SC(=O)NC3=O)cc2)nc1,1
51098617,COc1ccc(F)c(-c2ccc(C3CCc4ccc([C@H](C5CC5)[C@H](C)C(=O)O)cc4O3)nc2)c1,1
50739681,C/C=C/C[C@@H](C)[C@@H](O)[C@H]1C(=O)N[C@@H](CC)C(=O)N(C)CC(=O)N(C)[C@@H](CC(C)C)C(=O)N[C@@H](C(C)C)C(=O)N(C)[C@@H](CC(C)C)C(=O)N[C@@H](C)C(=O)N[C@H](C)C(=O)N(C)[C@@H](CC(C)C)C(=O)N(C)[C@@H](CC(C)C)C(=O)N(C)[C@@H](C(C)C)C(=O)N1C,1
317675,C/C=C/CC(C)C(O)C1C(=O)NC(CC)C(=O)N(C)CC(=O)N(C)C(CC(C)C)C(=O)NC(C(C)C)C(=O)N(C)C(CC(C)C)C(=O)NC(C)C(=O)NC(C)C(=O)N(C)C(CC(C)C)C(=O)N(C)C(CC(C)C)C(=O)N(C)C(C(C)C)C(=O)N1C,1
51098655,COc1ccc(F)c(-c2ccc(C3CCc4ccc([C@H](C5CC5)[C@H](C)C(=O)O)cc4O3)cc2)c1,1
50774880,CC(=O)N[C@H](Cc1ccc2ccccc2c1)C(=O)N[C@H](Cc1ccc(Cl)cc1)C(=O)N[C@H](Cc1cccnc1)C(=O)N[C@@H](CO)C(=O)N[C@@H](Cc1ccc(O)cc1)C(=O)N[C@H](CCCNC(N)=O)C(=O)N[C@@H](CC(C)C)C(=O)N[C@@H](CCCNC(=N)N)C(=O)N1CCC[C@H]1C(=O)N[C@H](C)C(N)=O,1
50739699,COc1ccc(Cl)cc1C(=O)NCCc1ccc(S(=O)(=O)NC(=O)NC2CCCCC2)cc1,1
50774875,CC(C)[C@@H]1NC(=O)[C@H](C)OC(=O)[C@@H](C(C)C)NC(=O)[C@@H](C(C)C)OC(=O)[C@H](C(C)C)NC(=O)[C@H](C)OC(=O)[C@@H](C(C)C)NC(=O)[C@@H](C(C)C)OC(=O)[C@H](C(C)C)NC(=O)[C@H](C)OC(=O)[C@@H](C(C)C)NC(=O)[C@@H](C(C)C)OC1=O,1
50243562,C/C=C/C[C@@H](C)[C@@H](O)[C@H]1C(=O)N[C@@H](CC)C(=O)N(C)[C@H](C)C(=O)N(C)[C@@H]([C@@H](C)CN2CCN(CCOC)CC2)C(=O)N[C@@H](C(C)C)C(=O)N(C)[C@@H](CC(C)C)C(=O)N[C@@H](C)C(=O)N[C@H](C)C(=O)N(C)[C@@H](CC(C)C)C(=O)N(C)[C@@H](CC(C)C)C(=O)N(C)[C@@H](C(C)C)C(=O)N1C,1
50774871,CC(C)c1nc(CN(C)C(=O)N[C@H](C(=O)N[C@@H](Cc2ccccc2)C[C@H](O)[C@H](Cc2ccccc2)NC(=O)OCc2cncs2)C(C)C)cs1,1
50774881,CO[C@H]1C[C@@H]2CC[C@@H](C)[C@@](O)(O2)C(=O)C(=O)N2CCCC[C@H]2C(=O)O[C@H]([C@H](C)C[C@@H]2CC[C@@H](OCCO)[C@H](OC)C2)CC(=O)[C@H](C)/C=C(\C)[C@@H](O)[C@@H](OC)C(=O)[C@H](C)C[C@H](C)/C=C/C=C/C=C/1C,1
50777322,CC#C[C@]1(O)CC[C@H]2[C@@H]3CCC4=CC(=O)CCC4=C3[C@@H](c3ccc(N(C)C)cc3)C[C@@]21C,1
50774898,CO[C@H]1C[C@@H]2CC[C@@H](C)[C@@](O)(O2)C(=O)C(=O)N2CCCC[C@H]2C(=O)O[C@H]([C@H](C)C[C@@H]2CC[C@@H](OC(=O)C(C)(CO)CO)[C@H](OC)C2)CC(=O)[C@H](C)/C=C(\C)[C@@H](O)[C@@H](OC)C(=O)[C@H](C)C[C@H](C)/C=C/C=C/C=C/1C,1
50375461,Cc1c(C)c2c(c(C)c1O)CCC(C)(COc1ccc(CC3SC(=O)NC3=O)cc1)O2,1
50774978,CN(CCOc1ccc(CC2SC(=O)NC2=O)cc1)c1ccccn1,1
50375441,CC(=O)N1CCN(c2ccc(OC[C@H]3CO[C@](Cn4ccnc4)(c4ccc(Cl)cc4Cl)O3)cc2)CC1,1
50739693,CC(C)(C)NC(=O)[C@@H]1C[C@@H]2CCCC[C@@H]2CN1C[C@@H](O)[C@H](Cc1ccccc1)NC(=O)[C@H](CC(N)=O)NC(=O)c1ccc2ccccc2n1,1
50774981,O=C(Nc1cccc2c(=O)cc(-c3nnn[nH]3)oc12)c1ccc(OCCCCc2ccccc2)cc1,1
50774797,Cc1c(C)c2c(c(C)c1O)CCC(C)(COc1ccc(Cc3sc(=O)[nH]c3O)cc1)O2,1
51098641,COc1cc(-c2ccc(C3CCc4ccc([C@H](C5CC5)[C@H](C)C(=O)O)cc4O3)nc2)c(F)cn1,1
50739573,CC(=O)N1CCN(c2ccc(OCC3COC(Cn4ccnc4)(c4ccc(Cl)cc4Cl)O3)cc2)CC1,1
50739565,CN(C)C(=O)CCSC(SCCC(=O)O)c1cccc(/C=C/c2ccc3ccc(Cl)cc3n2)c1,1
51098607,COc1cc(-c2ccc([C@@H]3CCc4ccc([C@H](C5CC5)[C@H](C)C(=O)O)cc4O3)c(F)c2)ccn1,1
50739346,CC[C@H]1OC(=O)[C@H](C)C(=O)[C@H](C)[C@@H](O[C@@H]2O[C@H](C)C[C@H](N(C)C)[C@H]2O)[C@](C)(OC)C[C@@H](C)C(=O)[C@H](C)[C@H]2N(CCCCn3cnc(-c4cccnc4)c3)C(=O)O[C@]12C,1
50774792,OCCN(CCO)c1nc(N2CCCCC2)c2nc(N(CCO)CCO)nc(N3CCCCC3)c2n1,1
50501849,COc1cc([C@@H](CC(=O)O)c2ccc(C)c(CN3C[C@@H](C)Oc4ccccc4S3(=O)=O)c2)cc2nnn(C)c12,1
50375468,CCC(=O)O[C@H]1[C@H](O[C@@H]2[C@@H](C)[C@H](O[C@H]3C[C@@](C)(OC)[C@@H](O)[C@H](C)O3)[C@@H](C)C(=O)O[C@H](CC)[C@@](C)(O)[C@H](O)[C@@H](C)C(=O)[C@H](C)C[C@@]2(C)O)O[C@H](C)C[C@@H]1N(C)C,1
50375447,CCc1nn(CCCN2CCN(c3cccc(Cl)c3)CC2)c(=O)n1CCOc1ccccc1,1
50777132,CCCc1nc(C(C)(C)O)c(C(=O)OCc2oc(=O)oc2C)n1Cc1ccc(-c2ccccc2-c2nnn[nH]2)cc1,1
50375454,CO[C@H]1/C=C/O[C@@]2(C)Oc3c(C)c(O)c4c(O)c(cc(O)c4c3C2=O)NC(=O)/C(C)=C\C=C\[C@H](C)[C@H](O)[C@@H](C)[C@@H](O)[C@@H](C)[C@H](OC(C)=O)[C@@H]1C,1
50774810,CS(=O)(=O)CCNCc1ccc(-c2ccc3ncnc(Nc4ccc(OCc5cccc(F)c5)c(Cl)c4)c3c2)o1,1
51259435,C=CC(=O)N(C)CCOc1c(N)ncnc1-c1cc(F)cc(NC(=O)c2ccc(C3CC3)cc2F)c1C,1
50497642,COCCOCc1cccc(-c2ccc3c(ccc4sc5c(c43)NC[C@@H](C)NC5=O)n2)c1,1
50497637,Cc1ccc(-c2ccc3c(ccc4sc5c(c43)NC[C@@H](C)NC5=O)n2)cn1,1
50775625,C=CC[C@@H]1/C=C(\C)C[C@H](C)C[C@H](OC)[C@H]2O[C@@](O)(C(=O)C(=O)N3CCCC[C@H]3C(=O)O[C@H](/C(C)=C/[C@@H]3CC[C@@H](O)[C@H](OC)C3)[C@H](C)[C@@H](O)CC1=O)[C@H](C)C[C@@H]2OC,1
51026635,CC1OC(=O)C(C(C)C)NC(=O)C(C(C)C)OC(=O)C(C(C)C)NC(=O)C(C)OC(=O)C(C(C)C)NC(=O)C(C(C)C)OC(=O)C(C(C)C)NC(=O)C(C)OC(=O)C(C(C)C)NC(=O)C(C(C)C)OC(=O)C(C(C)C)NC1=O,1
51350492,CCCCC1=NC2(CCCC2)C(=O)N1Cc1ccc(-c2ccccc2-c2nnn[nH]2)cc1,1
50777242,CN1C(C(=O)Nc2ccccn2)=C(O)c2sc(Cl)cc2S1(=O)=O,1
50775642,COC(=O)C1=C(C)NC(C)=C(C(=O)OCCN(C)Cc2ccccc2)C1c1cccc([N+](=O)[O-])c1,1
50775218,Cn1c(=O)n(-c2ccc(C(C)(C)C#N)cc2)c2c3cc(-c4cnc5ccccc5c4)ccc3ncc21,1
50739636,CNC(=O)c1cc(Oc2ccc(NC(=O)Nc3ccc(Cl)c(C(F)(F)F)c3)cc2)ccn1,1
50775220,C=C(C)[C@H]1Cc2c(ccc3c2O[C@@H]2COc4cc(OC)c(OC)cc4[C@@H]2C3=O)O1,1
50774824,CC[C@@H]([C@H](C)O)n1ncn(-c2ccc(N3CCN(c4ccc(OC[C@@H]5CO[C@@](Cn6cncn6)(c6ccc(F)cc6F)C5)cc4)CC3)cc2)c1=O,1
50775605,COC(=O)[C@H]1[C@H]2C[C@@H]3c4[nH]c5cc(OC)ccc5c4CCN3C[C@H]2C[C@@H](OC(=O)c2cc(OC)c(OC)c(OC)c2)[C@@H]1OC,1
50375363,CCC(=O)O[C@]1(C(=O)CCl)[C@@H](C)C[C@H]2[C@@H]3CCC4=CC(=O)C=C[C@]4(C)[C@@]3(F)[C@@H](O)C[C@@]21C,1
51350495,CCCCc1nc(Cl)c(CO)n1Cc1ccc(-c2ccccc2-c2nnn[nH]2)cc1,1
50777112,CCCCc1nc(Cl)c(CO)n1Cc1ccc(-c2ccccc2-c2nn[nH]n2)cc1,1
50754509,CCCN(CCC)C(=O)Cc1c(-c2ccc(Cl)cc2)nc2ccc(Cl)cn12,1
50739704,C[C@@H]1C[C@H]2[C@@H]3CCC4=CC(=O)C=C[C@]4(C)[C@@]3(Cl)[C@@H](O)C[C@]2(C)[C@@]1(O)C(=O)CCl,1
50774827,C[C@@H](O)[C@@H]1NC(=O)[C@H](CCCCN)NC(=O)[C@@H](Cc2c[nH]c3ccccc23)NC(=O)[C@H](Cc2ccccc2)NC(=O)[C@@H](NC(=O)[C@H](N)Cc2ccccc2)CSSC[C@@H](C(=O)N[C@H](CO)[C@@H](C)O)NC1=O,1
50775223,N#C/C(=C1/SCC(c2ccccc2Cl)S1)n1ccnc1,1
50774811,CO[C@H]1/C=C/O[C@@]2(C)Oc3c(C)c(O)c4c(O)c(c(/C=N/N5CCN(C6CCCC6)CC5)c(O)c4c3C2=O)NC(=O)/C(C)=C\C=C\[C@H](C)[C@H](O)[C@@H](C)[C@@H](O)[C@@H](C)[C@H](OC(C)=O)[C@@H]1C,1
50774965,Cc1ccccc1C(=O)Nc1ccc(C(=O)N2CCCC(O)c3cc(Cl)ccc32)c(C)c1,1
50775610,CC[C@@H]1/C=C(\C)C[C@H](C)C[C@H](OC)[C@H]2O[C@@](O)(C(=O)C(=O)N3CCCC[C@H]3C(=O)O[C@H](/C(C)=C/[C@@H]3CC[C@H](Cl)[C@H](OC)C3)[C@H](C)[C@@H](O)CC1=O)[C@H](C)C[C@@H]2OC,1
50739215,CC(=O)O[C@H]1C[C@@]2(C)[C@@H](C[C@@H](O)[C@H]3[C@@]4(C)CC[C@@H](O)[C@@H](C)[C@@H]4CC[C@@]32C)/C1=C(\CCC=C(C)C)C(=O)O,1
50739768,COCCOC(=O)C1=C(C)NC(C)=C(C(=O)OC(C)C)C1c1cccc([N+](=O)[O-])c1,1
50739211,Cc1ccc(Nc2nccc(N(C)c3ccc4c(C)n(C)nc4c3)n2)cc1S(C)(=O)=O,1
50774868,Cc1ccc(Nc2nccc(N(C)c3ccc4c(C)n(C)nc4c3)n2)cc1S(N)(=O)=O,1
50739717,C[C@H]1C[C@H]2[C@@H]3CCC4=CC(=O)C=C[C@]4(C)[C@@]3(Cl)[C@@H](O)C[C@]2(C)[C@@]1(O)C(=O)CO,1
50739718,C[C@H](CCC(=O)O)[C@H]1CC[C@H]2[C@@H]3[C@H](O)C[C@@H]4C[C@H](O)CC[C@]4(C)[C@H]3CC[C@]12C,1
50739210,COc1cc2ncnc(Nc3ccc(F)c(Cl)c3)c2cc1OCCCN1CCOCC1,1
50739686,O=C1C(CC[S+]([O-])c2ccccc2)C(=O)N(c2ccccc2)N1c1ccccc1,1
51086418,CC1(C)OC(=O)N([C@H]2CC[C@H](c3cnc(N)c(-c4ncccn4)c3)CC2)[C@H]1c1ccccc1,1
50777115,COc1cc(C(=O)NS(=O)(=O)c2ccccc2C)ccc1Cc1cn(C)c2ccc(NC(=O)OC3CCCC3)cc12,1
50739724,N[C@@H](Cc1cc(I)c(Oc2ccc(O)c(I)c2)c(I)c1)C(=O)O,1
50375409,CO[C@H]1/C=C/O[C@@]2(C)Oc3c(C)c(O)c4c(O)c(c(/C=N/N5CCN(C)CC5)c(O)c4c3C2=O)NC(=O)/C(C)=C\C=C\[C@H](C)[C@H](O)[C@@H](C)[C@@H](O)[C@@H](C)[C@H](OC(C)=O)[C@@H]1C,1
50771824,CCCCNC(=O)c1ccc(Oc2ccc(CC(=O)O)cc2OC)c(NS(=O)(=O)c2ccc(Cl)cc2Cl)c1,1
50774900,COc1ccc2c(c1)C(=O)N(CCc1ccc(S(=O)(=O)NC(=O)NC3CCCCC3)cc1)C(=O)C2(C)C,1
50739572,Cc1c(O)cccc1C(=O)N[C@@H](CSc1ccccc1)[C@H](O)CN1C[C@H]2CCCC[C@H]2C[C@H]1C(=O)NC(C)(C)C,1
50739680,CCOC(=O)[C@@]1(CCCCCCOc2ccc(Cl)cc2)CO1,1
50775606,CCOC(=O)N1CCC(=C2c3ccc(Cl)cc3CCc3cccnc32)CC1,1
317677,CC(=O)CC[C@H]1C(=O)N[C@@H](C(C)C)C(=O)N[C@@H](Cc2cc(O)cc(F)c2)C(=O)N2CCCC(N2)C(=O)O[C@H](/C(C)=C/C=C/C(=O)N2CCCCO2)C/C=C/C=C/[C@H](O)[C@H](C)[C@H]1O,1
50774982,Cc1cc2c(cc1CC(=O)c1sccc1S(=O)(=O)Nc1onc(C)c1Cl)OCO2,1
50739209,CC(C)/N=c1\cc2n(-c3ccc(Cl)cc3)c3ccccc3nc-2cc1Nc1ccc(Cl)cc1,1
50775607,CC(C)OC(=O)CCC/C=C\C[C@@H]1[C@@H](CC[C@@H](O)CCc2ccccc2)[C@H](O)C[C@@H]1O,1
50774876,CC[C@H]1OC(=O)[C@H](C)[C@@H](O[C@H]2C[C@@](C)(OC)[C@@H](O)[C@H](C)O2)[C@H](C)[C@@H](O[C@@H]2O[C@H](C)C[C@H](N(C)C)[C@H]2O)[C@](C)(O)C[C@@H](C)C(=O)[C@H](C)[C@@H](O)[C@]1(C)O,1
50775624,CC(C)c1c(C(=O)Nc2ccccc2)c(-c2ccccc2)c(-c2ccc(F)cc2)n1CC[C@@H](O)C[C@@H](O)CC(=O)O,1
50775645,Cc1nc(Nc2ncc(C(=O)Nc3c(C)cccc3Cl)s2)cc(N2CCN(CCO)CC2)n1,1
51318133,COc1cc(C(=O)NS(C)(=O)=O)c(F)cc1-c1cnc(Oc2cc(F)ccc2F)c(Cl)c1,1
50739725,Clc1ccc(COC(Cn2ccnc2)c2ccc(Cl)cc2Cl)cc1,1
50739205,COC[C@H]1OC(=O)c2coc3c2[C@@]1(C)C1=C(C3=O)[C@@H]2CCC(=O)[C@@]2(C)C[C@H]1OC(C)=O,1
50754044,O=C(O)c1cc2sccc2n1Cc1ccc(Cl)c(Cl)c1,1
50739550,C[C@]12CC[C@@H]3c4ccc(O)cc4CC[C@H]3[C@@H]1CC[C@@]2(O)C#N,1
50774877,C#C[C@]1(O)CC[C@H]2[C@@H]3CCc4cc(O)ccc4[C@H]3CC[C@@]21C,1
50777244,CCOC(=O)[C@@H]1CC(=O)O[C@H](C)C/C=C/C=C/[C@H](O)[C@H](C)C[C@H](CC=O)[C@H](O[C@@H]2O[C@H](C)[C@@H](O[C@H]3C[C@@](C)(O)[C@@H](OC(=O)CC)[C@H](C)O3)[C@H](N(C)C)[C@H]2O)[C@H]1OC,1
50754140,C1CCC(C(CC2CCCCN2)C2CCCCC2)CC1,1
50753352,COc1c(OC)c(OC(C)=O)c2cc(Cl)ccc2c1OC(C)=O,1
50739204,CC(=O)O[C@H]1C(=O)[C@@]2(C)[C@H]([C@H](OC(=O)c3ccccc3)[C@]3(O)C[C@H](OC(=O)[C@H](O)[C@@H](NC(=O)c4ccccc4)c4ccccc4)C(C)=C1C3(C)C)[C@]1(OC(C)=O)CO[C@@H]1C[C@@H]2O,1
50753695,CC1CC(OC(=O)C(O)c2ccccc2)CC(C)(C)C1,1
50774878,CS(=O)(=O)N1CCN(Cc2cc3nc(-c4cccc5[nH]ncc45)nc(N4CCOCC4)c3s2)CC1,1
50739202,CC(C)OC(=O)C(C)(C)Oc1ccc(C(=O)c2ccc(Cl)cc2)cc1,1
51026619,CC/C(=C(\c1ccccc1)c1ccc(OCCN(C)C)cc1)c1ccccc1,1
50754412,CCOC(=O)[C@H](CCc1ccccc1)N[C@@H](C)C(=O)N1Cc2ccccc2C[C@H]1C(=O)O,1
50739201,CCC1=C(C)CN(C(=O)NCCc2ccc(S(=O)(=O)NC(=O)N[C@H]3CC[C@H](C)CC3)cc2)C1=O,1
50739351,C(=C/c1ccccc1)\CN1CCN(C(c2ccccc2)c2ccccc2)CC1,1
50775602,CC(=O)O[C@]1(C(C)=O)CC[C@H]2[C@@H]3C[C@H](C)C4=CC(=O)CC[C@]4(C)[C@H]3CC[C@@]21C,1
50753248,Cc1cc2c(cc(C(=O)O)n2Cc2ccc(Cl)c(Cl)c2)o1,1
50739703,CCc1oc2ccccc2c1C(=O)c1cc(Br)c(O)c(Br)c1,1
50754506,CCOC(=O)C1=C(COCCN)NC(C)=C(C(=O)OC)C1c1ccccc1Cl,1
50739200,CCCc1nc2c(C)cc(-c3nc4ccccc4n3C)cc2n1Cc1ccc(-c2ccccc2C(=O)O)cc1,1
50753204,CON(C)C(=O)c1c(Cn2c(C)nc(Cl)c2Cl)sc2c1c(=O)n(C)c(=O)n2CC(C)C,1
50775652,C[C@]12CCC(=O)C=C1[C@@H]1C[C@@H]1[C@H]1[C@@H]3[C@@H]4C[C@@H]4[C@@]4(CCC(=O)O4)[C@@]3(C)CC[C@@H]12,1
50754123,C[C@@H]1C[C@H]2[C@@H]3CCC4=CC(=O)C=C[C@]4(C)[C@@]3(F)[C@@H](O)C[C@]2(C)[C@H]1C(=O)CO,1
50753489,CCCc1nn(C)c2c(=O)[nH]c(-c3cc(S(=O)(=O)N4CCN(C)CC4)ccc3OCC)nc12,1
50753581,C[C@]12CC[C@H]3[C@@H](CCC4=CC(=O)CC[C@@]43C)[C@@H]1CC[C@@H]2C(=O)CO,1
51026620,CC(=O)[C@H]1CC[C@H]2[C@@H]3CCC4=CC(=O)CC[C@]4(C)[C@H]3CC[C@]12C,1
50739101,Cc1cccc(C)c1OCC(=O)N[C@@H](Cc1ccccc1)[C@@H](O)C[C@H](Cc1ccccc1)NC(=O)[C@H](C(C)C)N1CCCNC1=O,1
50774968,CC(=O)O[C@]1(C(C)=O)CC[C@H]2[C@@H]3C=C(C)C4=CC(=O)CC[C@]4(C)[C@H]3CC[C@@]21C,1
50739100,CCC(C)n1ncn(-c2ccc(N3CCN(c4ccc(OCC5COC(Cn6cncn6)(c6ccc(Cl)cc6Cl)O5)cc4)CC3)cc2)c1=O,1
50375403,COc1cc(C)c(/C=C/C(C)=C/C=C/C(C)=C/C(=O)O)c(C)c1C,1
50753577,C#C[C@]1(O)CC[C@H]2[C@@H]3CCC4=CC(=O)CC[C@@H]4[C@H]3CC[C@@]21C,1
50754036,O=C(O)c1cc2cc(O)ccc2n1Cc1ccc(Cl)c(C(F)(F)F)c1,1
50753823,COC(=O)C1=C(C)NC(C)=C(C(=O)OC)C1c1ccccc1[N+](=O)[O-],1
50739099,CN[C@@H]1C[C@H]2O[C@@](C)([C@@H]1OC)n1c3ccccc3c3c4c(c5c6ccccc6n2c5c31)C(=O)NC4,1
50774895,C#C[C@@]1(O)CC[C@H]2[C@@H]3CCC4=Cc5oncc5C[C@]4(C)[C@H]3CC[C@@]21C,1
50739679,C[C@]12Cc3cnoc3C=C1CC[C@@H]1[C@@H]2CC[C@@]2(C)[C@H]1CCC2(O)C#N,1
50754051,O=C(NC1Cc2ccccc2N(C[C@@H](O)CO)C1=O)c1cc2cc(Cl)ccc2[nH]1,1
50754471,O=C(O)c1cc2c(F)c(O)ccc2n1Cc1ccc(Cl)c(Cl)c1,1
50775618,CC[C@H](C)C(=O)O[C@H]1C[C@@H](C)C=C2C=C[C@H](C)[C@H](CC[C@@H]3C[C@@H](O)CC(=O)O3)[C@H]21,1
50754116,COc1nc(C)cnc1NS(=O)(=O)c1cccnc1-c1ccc(CC(C)C)cc1,1
50754095,O=C(CCCN1CCC(O)(c2cccc(C(F)(F)F)c2)CC1)c1ccc(F)cc1,1
50754338,COc1ccc(-c2cc(C(F)F)nn2-c2ccc(S(N)(=O)=O)cc2)cc1F,1
50753609,CN(Cc1cc(Br)cc(Br)c1N)C1CCCCC1,1
50777195,CC(=O)SCC(Cc1ccccc1)C(=O)NCC(=O)OCc1ccccc1,1
50754110,COc1ccc(CCN(C)CCCC(C#N)(c2ccc(OC)c(OC)c2)C(C)C)cc1OC,1
50754315,CCCCCCCCCCCCc1ccc(S(=O)(=O)Nc2nncs2)cc1,1
50739098,CC(C)(C)NC(=O)[C@@H]1CN(Cc2cccnc2)CCN1C[C@@H](O)C[C@@H](Cc1ccccc1)C(=O)N[C@H]1c2ccccc2C[C@H]1O,1
50754302,C[C@](O)(C(=O)Nc1ccc(C(=O)c2ccccc2)cc1)C(F)(F)F,1
50739639,COc1ccccc1Oc1c(NS(=O)(=O)c2ccc(C(C)(C)C)cc2)nc(-c2ncccn2)nc1OCCO,1
50775623,CCOc1cc(CC(=O)N[C@@H](CC(C)C)c2ccccc2N2CCCCC2)ccc1C(=O)O,1
50774909,COc1cc(N)c(Cl)cc1C(=O)N[C@H]1CCN(CCCOc2ccc(F)cc2)C[C@H]1OC,1
50375253,O=C(OCC(O)CO)c1ccccc1Nc1ccnc2cc(Cl)ccc12,1
50753245,O=C(O)c1cc2scnc2n1Cc1ccc(Cl)c(Cl)c1,1
50775465,CCOC(=O)C1=C(C)NC(C)=C(C(=O)OC)C1c1cccc([N+](=O)[O-])c1,1
50753264,COc1cc2c(Oc3ccc4[nH]c(C)cc4c3F)ncnc2cc1OCCCN1CCCCC1,1
50753625,O=C(CCCN1CCC(O)(c2ccc(Cl)cc2)CC1)c1ccc(F)cc1,1
50754232,COc1ccc(Nc2ccn(-c3ccccc3)n2)cc1,1
50753468,O=C(NO)C1(CS(=O)(=O)c2ccc(Oc3ccc(Cl)cc3)cc2)CCOCC1,1
50777006,COc1cc(C(C)=O)ccc1OCCCN1CCC(c2noc3cc(F)ccc23)CC1,1
50753274,COc1ccc2c(c1OC)C(=O)OC2C1c2c(cc3c(c2OC)OCO3)CCN1C,1
50775649,CCCCC(=O)OCC(=O)[C@]1(O)Cc2c(O)c3c(c(O)c2[C@@H](O[C@H]2C[C@H](NC(=O)C(F)(F)F)[C@H](O)[C@H](C)O2)C1)C(=O)c1c(OC)cccc1C3=O,1
50753667,CSc1ccc2c(c1)N(CCC1CCCCN1C)c1ccccc1S2,1
50739097,CCC(C)(C)C(=O)O[C@H]1C[C@@H](C)C=C2C=C[C@H](C)[C@H](CC[C@@H]3C[C@@H](O)CC(=O)O3)[C@H]21,1
50739368,COCC(=O)O[C@]1(CCN(C)CCCc2nc3ccccc3[nH]2)CCc2cc(F)ccc2[C@@H]1C(C)C,1
50739576,CC(C)CN(C[C@@H](O)[C@H](Cc1ccccc1)NC(=O)O[C@H]1CCOC1)S(=O)(=O)c1ccc(N)cc1,1
50739536,CNC1=Nc2ccc(Cl)cc2C(c2ccccc2)=[N+]([O-])C1,1
50739354,CCCCc1oc2ccccc2c1C(=O)c1cc(I)c(OCCN(CC)CC)c(I)c1,1
50775210,CCOc1cc2ncc(C#N)c(Nc3ccc(OCc4ccccn4)c(Cl)c3)c2cc1NC(=O)/C=C/CN(C)C,1
50775468,Cc1c(C(=O)NN2CCCCC2)nn(-c2ccc(Cl)cc2Cl)c1-c1ccc(Cl)cc1,1
50738973,Cc1ccc(NC(=O)c2ccc(CN3CCN(C)CC3)cc2)cc1Nc1nccc(-c2cccnc2)n1,1
50753985,CC(=O)[C@@]1(O)CC[C@H]2[C@@H]3C[C@H](C)C4=CC(=O)C=C[C@]4(C)[C@@]3(F)[C@@H](O)C[C@@]21C,0
50753512,CCN(CC)CCCC(C)Nc1c2ccc(Cl)cc2nc2ccc(OC)cc12,0
50754009,C[C@@H]1C[C@H]2[C@@H]3CCC4=CC(=O)C=C[C@]4(C)[C@@]3(F)[C@@H](O)C[C@]2(C)[C@@]1(O)C(=O)CO,0
50753401,N[C@H]1C[C@@H]1c1ccccc1,0
50753376,CC(C(=O)O)c1ccc2oc(-c3ccc(Cl)cc3)nc2c1,0
50775494,CC(C)c1ccc2oc3nc(N)c(C(=O)O)cc3c(=O)c2c1,0
50375486,O=C1CC2(CCCC2)CC(=O)N1CCCCN1CCN(c2ncccn2)CC1,0
50772063,O=C(O)COC(=O)Cc1ccccc1Nc1c(Cl)cccc1Cl,0
50777224,C[C@]12CC[C@H]3[C@@H](CCC4=CC(=O)CC[C@@]43C)[C@@H]1CC[C@@H]2O,0
50754497,CCN(CC)C(=O)c1ccc(C(=C2CCNCC2)c2ccccc2)cc1,0
50754171,N[C@H]1CCN(c2ccc3c(C(=O)NCC4CCCCC4)c(Cl)ccc3n2)C1,0
50753647,CC1=CCC(C(=O)/N=C2\CC=C(S(=O)(=O)O)c3cc(S(=O)(=O)O)cc(S(=O)(=O)O)c32)=C/C1=N/C(=O)C1=CC=C/C(=N\C(=O)/N=C2\C=CC=C(C(=O)/N=C3/CC(C(=O)/N=C4\CC=C(S(=O)(=O)O)c5cc(S(=O)(=O)O)cc(S(=O)(=O)O)c54)=CC=C3C)C2)C1,0
50753693,CN(C)CCC=C1c2ccccc2C=Cc2ccccc21,0
50753710,C[C@]12CCC(=O)C=C1CC[C@@H]1[C@@H]2C(=O)C[C@@]2(C)[C@H]1CC[C@]2(O)C(=O)CO,0
50753300,O=C(NC1CCN(CCc2c[nH]c3ccccc23)CC1)c1ccccc1,0
50754477,C/C=C/C(=O)N(CC)c1ccccc1C,0
50753280,Cc1oncc1C(=O)Nc1ccc(C(F)(F)F)cc1,0
50775496,Cc1nnc(C(C)C)n1[C@@H]1C[C@H]2CC[C@@H](C1)N2CC[C@H](NC(=O)C1CCC(F)(F)CC1)c1ccccc1,0
50754513,CC(=O)c1ccc2c(c1)N(CCCN(C)C)c1ccccc1S2,0
50753405,CCc1cc(CC)c2oc(C(=O)O)cc(=O)c2c1O,0
50775497,Clc1ccc(COC(Cn2ccnc2)c2ccc(Cl)cc2Cl)c(Cl)c1,0
51026616,CC[C@]1(O)C[C@@H]2CN(CCc3c([nH]c4ccccc34)[C@@](C(=O)OC)(c3cc4c(cc3OC)N(C)[C@H]3[C@@](O)(C(=O)OC)[C@H](OC(C)=O)[C@]5(CC)C=CCN6CC[C@]43[C@@H]65)C2)C1,0
50775498,CN(C)CCOc1ccc(/C(=C(/CCCl)c2ccccc2)c2ccccc2)cc1,0
50754111,CC(=O)CC(c1ccccc1)c1c(O)c2ccccc2oc1=O,0
50753374,NC(CO)C(=O)NNCc1ccc(O)c(O)c1O,0
50754112,FC(F)(F)c1cccc(C2=CCN(CCc3ccc4ccccc4c3)CC2)c1,0
50375470,Cc1ccc(C(=O)c2cc(O)c(O)c([N+](=O)[O-])c2)cc1,0
51254362,Cc1cc(-c2ccc(C(=O)[C@@H]3CCCC[C@H]3C(=O)Nc3cn(C)nc3C)cc2)n[nH]1,0
50753400,O=C(NCC12CC3CC(CC(C3)C1)C2)c1cc(CN2CCNCC2)ccc1Cl,0
50375471,CN1CCN(C2=Nc3cc(Cl)ccc3Nc3ccccc32)CC1,0
50754043,COc1ccc2c(c1)N(C[C@H](C)CN(C)C)c1ccccc1S2,0
50754316,O=C(O[C@H]1C[N+]2(CCCOc3ccccc3)CCC1CC2)C(O)(c1cccs1)c1cccs1,0
50753321,CNCCCC1c2ccccc2C=Cc2ccccc21,0
50753231,Cc1cc(O)cc(C)c1Cl,0
50754092,Cc1cccc(Nc2ccncc2S(=O)(=O)NC(=O)NC(C)C)c1,0
50772699,COc1nc(N)nc2c1ncn2[C@@H]1O[C@H](CO)[C@@H](O)[C@@H]1O,0
50772749,Oc1ccc2c(c1)[C@@]13CCCC[C@@]1(O)[C@@H](C2)N(CC1CCC1)CC3,0
50772750,C=CCN1C[C@H](C(=O)N(CCCN(C)C)C(=O)NCC)C[C@@H]2c3cccc4[nH]cc(c34)C[C@H]21,0
50772751,Cn1c(=O)c2c(ncn2C)n(C)c1=O,0
50772752,NC(=O)N1c2ccccc2C=Cc2ccccc21,0
50772753,C[C@@](Cc1ccc(O)c(O)c1)(NN)C(=O)O,0
50772754,O=NN(CCCl)C(=O)NCCCl,0
50772755,ClC(Cl)(Cl)Cl,0
50772756,N[C@@H](C(=O)N[C@@H]1C(=O)N2C(C(=O)O)=C(Cl)CS[C@H]12)c1ccccc1,0
50772757,CC1=C(C(=O)O)N2C(=O)[C@@H](NC(=O)[C@H](N)c3ccc(O)cc3)[C@H]2SC1,0
50772758,Cc1ccc(-c2cc(C(F)(F)F)nn2-c2ccc(S(N)(=O)=O)cc2)cc1,0
50772759,O=C(O)CCCc1ccc(N(CCCl)CCCl)cc1,0
50772760,O=C(N[C@H](CO)[C@H](O)c1ccc([N+](=O)[O-])cc1)C(Cl)Cl,0
50772761,CN(C)CCC(c1ccc(Cl)cc1)c1ccccn1,0
50772762,CN(C)CCCN1c2ccccc2Sc2ccc(Cl)cc21,0
50772763,CCCNC(=O)NS(=O)(=O)c1ccc(Cl)cc1,0
50772764,O=c1[nH]c2cc(Cl)ccc2o1,0
50772765,c1ccc(C2(c3ccccc3)CC2C2=NCCN2)cc1,0
50772766,CC(C)C(=O)OCC(=O)[C@@]12O[C@H](C3CCCCC3)O[C@@H]1C[C@H]1[C@@H]3CCC4=CC(=O)C=C[C@]4(C)[C@H]3[C@@H](O)C[C@@]12C,0
50772767,CN/C(=N\CCSCc1nc[nH]c1C)NC#N,0
50772768,CC(C)(Oc1ccc(C2CC2(Cl)Cl)cc1)C(=O)O,0
50772769,O=C(O)c1cn(C2CC2)c2cc(N3CCNCC3)c(F)cc2c1=O,0
50772770,Nc1nc(Cl)nc2c1ncn2[C@H]1C[C@H](O)[C@@H](CO)O1,0
50772771,CC[C@H]1OC(=O)[C@H](C)[C@@H](O[C@H]2C[C@@](C)(OC)[C@@H](O)[C@H](C)O2)[C@H](C)[C@@H](O[C@@H]2O[C@H](C)C[C@H](N(C)C)[C@H]2O)[C@](C)(OC)C[C@@H](C)C(=O)[C@H](C)[C@@H](O)[C@]1(C)O,0
50772772,Oc1c(I)cc(Cl)c2cccnc12,0
50772773,Nc1nc(Cl)nc2c1ncn2[C@@H]1O[C@H](CO)[C@@H](O)[C@@H]1F,0
50772774,CCN(CC)CCOc1ccc(/C(=C(/Cl)c2ccccc2)c2ccccc2)cc1,0
50772775,CC1CCCC(C)N1NC(=O)c1ccc(Cl)c(S(N)(=O)=O)c1,0
50772777,C[C@@H]1CCN(C(=O)CC#N)C[C@@H]1N(C)c1ncnc2[nH]ccc12,0
50772778,C[C@]12CC[C@@H]3c4ccc(O)cc4CC[C@H]3[C@@H]1CC[C@@H]2O,0
50772779,CN1CCN(C(=O)O[C@H]2c3nccnc3C(=O)N2c2ccc(Cl)cn2)CC1,0
50772780,C=C(CC)C(=O)c1ccc(OCC(=O)O)c(Cl)c1Cl,0
50772781,CC(O)(P(=O)(O)O)P(=O)(O)O,0
50772782,COc1cc([C@@H]2c3cc4c(cc3[C@@H](O[C@@H]3O[C@@H]5CO[C@@H](C)O[C@H]5[C@H](O)[C@H]3O)[C@H]3COC(=O)[C@H]23)OCO4)cc(OC)c1OP(=O)(O)O,0
50772783,CCOC(=O)/C=C(C)/C=C/C=C(C)/C=C/c1c(C)cc(OC)c(C)c1C,0
50772784,CC(=O)OCC(CCn1cnc2cnc(N)nc21)COC(C)=O,0
50772785,Oc1ccc(C2CNCCc3c2cc(O)c(O)c3Cl)cc1,0
50772786,CSc1ccc(C(=O)c2[nH]c(=O)[nH]c2C)cc1,0
50772787,CC(C)C(=O)Oc1ccc(CO)cc1[C@H](CCN(C(C)C)C(C)C)c1ccccc1,0
50772788,OC(Cn1cncn1)(Cn1cncn1)c1ccc(F)cc1F,0
50772789,Nc1[nH]c(=O)ncc1F,0
50772790,Nc1nc(F)nc2c1ncn2[C@@H]1O[C@H](COP(=O)(O)O)[C@@H](O)[C@@H]1O,0
50772791,CC1(C)O[C@@H]2C[C@H]3[C@@H]4C[C@H](F)C5=CC(=O)C=C[C@]5(C)[C@H]4[C@@H](O)C[C@]3(C)[C@]2(C(=O)CO)O1,0
50772792,O=C1OC2(c3ccc(O)cc3Oc3cc(O)ccc32)c2ccccc21,0
50772793,O=c1[nH]cc(F)c(=O)[nH]1,0
50772794,CC(C)C(=O)Nc1ccc([N+](=O)[O-])c(C(F)(F)F)c1,0
50772795,CCC(=O)O[C@]1(C(=O)SCF)[C@H](C)C[C@H]2[C@@H]3C[C@H](F)C4=CC(=O)C=C[C@]4(C)[C@@]3(F)[C@@H](O)C[C@@]21C,0
50772796,COCCCC/C(=N\OCCN)c1ccc(C(F)(F)F)cc1,0
50772829,CN(C)C(=O)Oc1cccc([N+](C)(C)C)c1,0
50772830,Cc1ccnc2c1NC(=O)c1cccnc1N2C1CC1,0
50772831,O=C(NCCO[N+](=O)[O-])c1cccnc1,0
50772832,CCN(CC)C(=O)c1cccnc1,0
50772834,CC(=O)Oc1ccccc1C(=O)Nc1ncc([N+](=O)[O-])s1,0
50772835,CCn1cc(C(=O)O)c(=O)c2cc(F)c(N3CCNCC3)cc21,0
50772836,CNCCC=C1c2ccccc2CCc2ccccc21,0
50772837,CC1COc2c(N3CCN(C)CC3)c(F)cc3c(=O)c(C(=O)O)cn1c23,0
50772838,Cc1nccn1CC1CCc2c(c3ccccc3n2C)C1=O,0
50772839,CCCCCCCCCCC[C@@H](C[C@@H]1OC(=O)[C@H]1CCCCCC)OC(=O)[C@H](CC(C)C)NC=O,0
50772840,Cc1ncc([N+](=O)[O-])n1CC(O)CCl,0
50772841,Cc1onc(-c2ccccc2)c1C(=O)N[C@@H]1C(=O)N2[C@@H]1SC(C)(C)[C@@H]2C(=O)O,0
50772842,CC[C@H](C)[C@@H]1NC(=O)[C@H](Cc2ccc(O)cc2)NC(=O)[C@@H](N)CSSC[C@@H](C(=O)N2CCC[C@H]2C(=O)N[C@@H](CC(C)C)C(=O)NCC(N)=O)NC(=O)[C@H](CC(N)=O)NC(=O)[C@H](CCC(N)=O)NC1=O,0
50772845,CC(=O)O[C@H]1C[C@@H]2CC[C@@H]3[C@H](CC[C@@]4(C)[C@H]3C[C@H]([N+]3(C)CCCCC3)[C@@H]4OC(C)=O)[C@@]2(C)C[C@@H]1[N+]1(C)CCCCC1,0
50772846,C[C@H]1COc2c(C3(N)CC3)c(F)cc3c(=O)c(C(=O)O)cn1c23,0
50772847,CC(=O)[C@H]1[C@H](C#N)C[C@H]2[C@@H]3CC=C4C[C@@H](O)CC[C@]4(C)[C@H]3CC[C@@]21C,0
50772848,CCn1cc(C(=O)O)c(=O)c2cc(F)c(N3CCN(C)CC3)cc21,0
50772850,NC1=NC(=O)C(c2ccccc2)O1,0
50772851,N=C(N)c1ccc(OCCCCCOc2ccc(C(=N)N)cc2)cc1,0
50772852,CC(=O)CCCCn1c(=O)c2c(ncn2C)n(C)c1=O,0
50772853,CCCN1C[C@H](CSC)C[C@@H]2c3cccc4[nH]cc(c34)C[C@H]21,0
50772854,CCOc1ccc(NC(C)=O)cc1,0
50773265,C[C@]12CC[C@@H]3c4ccc(O)cc4C[C@@H](CCCCCCCCC[S+]([O-])CCCC(F)(F)C(F)(F)F)[C@H]3[C@@H]1CC[C@@H]2O,0
50773266,NS(=O)(=O)c1cc(C(=O)O)c(NCc2ccco2)cc1Cl,0
50773267,COc1ccc2c3c1O[C@H]1C[C@@H](O)C=C[C@@]31CCN(C)C2,0
50773268,Nc1ccn([C@@H]2O[C@H](CO)[C@@H](O)C2(F)F)c(=O)n1,0
50773271,Cc1ccc(C)c(OCCCC(C)(C)C(=O)O)c1,0
50773272,C#C[C@]1(O)C=C[C@H]2[C@@H]3CCC4=CC(=O)CC[C@@H]4[C@H]3CC[C@@]21CC,0
50773273,Cc1cnc(C(=O)NCCc2ccc(S(=O)(=O)NC(=O)NC3CCCCC3)cc2)cn1,0
50773274,CC(C)C[C@H](NC(=O)[C@@H](COC(C)(C)C)NC(=O)[C@H](Cc1ccc(O)cc1)NC(=O)[C@H](CO)NC(=O)[C@H](Cc1c[nH]c2ccccc12)NC(=O)[C@H](Cc1cnc[nH]1)NC(=O)[C@@H]1CCC(=O)N1)C(=O)N[C@@H](CCCNC(=N)N)C(=O)N1CCC[C@H]1C(=O)NNC(N)=O,0
50773275,N=C(N)NC(=O)Cc1c(Cl)cccc1Cl,0
50773277,NS(=O)(=O)c1cc2c(cc1C(F)(F)F)NCNS2(=O)=O,0
50773279,CCN(CCO)CCCC(C)Nc1ccnc2cc(Cl)ccc12,0
50773280,NC(=O)NO,0
50773281,CN(C)CCCN1c2ccccc2CCc2ccccc21,0
50773282,CC(C)Cn1cnc2c(N)nc3ccccc3c21,0
50773283,CC1Cc2ccccc2N1NC(=O)c1ccc(Cl)c(S(N)(=O)=O)c1,0
50773284,CC(=O)N(CC(O)CO)c1c(I)c(C(=O)NCC(O)CO)c(I)c(C(=O)NCC(O)CO)c1I,0
50773285,CC(C)[N+]1(C)C2CCC1CC(OC(=O)C(CO)c1ccccc1)C2,0
50773287,CC(C)NNC(=O)c1ccncc1,0
50773288,Cc1cc(NC(=O)C2=C(O)c3ccccc3S(=O)(=O)N2C)no1,0
50773289,NC[C@H]1O[C@H](O[C@H]2[C@H](O)[C@@H](O[C@H]3O[C@H](CO)[C@@H](O)[C@H](N)[C@H]3O)[C@H](N)C[C@@H]2N)[C@H](O)[C@@H](O)[C@@H]1O,0
50773290,O=C(c1ccc(F)cc1)C1CCN(CCn2c(=O)[nH]c3ccccc3c2=O)CC1,0
50773292,COC[C@@H](NC(C)=O)C(=O)NCc1ccccc1,0
50773293,Nc1ccn([C@@H]2CS[C@H](CO)O2)c(=O)n1,0
50773294,Cc1c(OCC(F)(F)F)ccnc1C[S+]([O-])c1nc2ccccc2[nH]1,0
50773295,Nc1cccc2c1CN(C1CCC(=O)NC1=O)C2=O,0
50773298,Nc1nc(O)c2c(n1)NCC(CNc1ccc(C(=O)N[C@@H](CCC(=O)O)C(=O)O)cc1)N2C=O,0
50773299,CCNC(=O)[C@@H]1CCCN1C(=O)[C@H](CCCNC(=N)N)NC(=O)[C@H](CC(C)C)NC(=O)[C@@H](CC(C)C)NC(=O)[C@H](Cc1ccc(O)cc1)NC(=O)[C@H](CO)NC(=O)[C@H](Cc1c[nH]c2ccccc12)NC(=O)[C@H](Cc1c[nH]cn1)NC(=O)[C@@H]1CCC(=O)N1,0
50773300,N[C@@H](Cc1ccc(O)c(O)c1)C(=O)O,0
50773301,C[C@H]1COc2c(N3CCN(C)CC3)c(F)cc3c(=O)c(C(=O)O)cn1c23,0
50773311,CCC1(c2ccccc2)C(=O)NCNC1=O,0
50773312,CCCN(CCC)S(=O)(=O)c1ccc(C(=O)O)cc1,0
50773314,CCN(CC)CCNC(=O)c1ccc(N)cc1,0
50773315,CN1CCN(CCCN2c3ccccc3Sc3ccc(Cl)cc32)CC1,0
50773316,CC(CN1c2ccccc2Sc2ccccc21)N(C)C,0
50773317,CCCNCC(O)COc1ccccc1C(=O)CCc1ccccc1,0
50773318,NC(=O)c1cnccn1,0
50773362,N=C(N)NC(=N)NCCc1ccccc1,0
50773363,CC(C)NCC(O)COc1cccc2[nH]ccc12,0
50773364,c1cnc(N2CCN(Cc3ccc4c(c3)OCO4)CC2)nc1,0
50773365,CN1C(C(=O)Nc2ccccn2)=C(O)c2ccccc2S1(=O)=O,0
50773366,c1cc(CN2CCCNCCNCCCNCC2)ccc1CN1CCCNCCNCCCNCC1,0
50773368,C[C@]12C=CC(=O)C=C1CC[C@@H]1[C@@H]2[C@@H](O)C[C@@]2(C)[C@H]1CC[C@]2(O)C(=O)CO,0
50773399,Nc1ccn([C@@H]2O[C@H](CO)[C@@H](O)[C@@H]2O)c(=O)n1,0
50773400,CN(C)/N=N/c1[nH]cnc1C(N)=O,0
50773401,Nc1ccc(S(=O)(=O)c2ccc(N)cc2)cc1,0
50773402,Nc1ncn([C@H]2C[C@H](O)[C@@H](CO)O2)c(=O)n1,0
50773403,CNCCCN1c2ccccc2CCc2ccccc21,0
50773404,Clc1ccc2c(c1)CCc1cccnc1C2=C1CCNCC1,0
50773406,CN(C)CC[C@@H](c1ccc(Br)cc1)c1ccccn1,0
50773407,Cc1c(OCC(F)(F)F)ccnc1C[S@@+]([O-])c1nc2ccccc2[nH]1,0
50773408,CN1C(=O)CN=C(c2ccccc2)c2cc(Cl)ccc21,0
50773409,CC1=NS(=O)(=O)c2cc(Cl)ccc2N1,0
50773410,O=c1[nH]cnc2c1ncn2[C@H]1CC[C@@H](CO)O1,0
50773411,CN(C)CCOC(c1ccccc1)c1ccccc1,0
50773412,CC[C@H]1OC(=O)[C@H](C)[C@@H](O[C@H]2C[C@@](C)(OC)[C@@H](O)[C@H](C)O2)C[C@@H](O[C@@H]2O[C@H](C)C[C@H](N(C)C)[C@H]2O)[C@](C)(O)C[C@@H](C)[C@@H]2N[C@@H](COCCOC)O[C@H]([C@H]2C)[C@]1(C)O,0
50773413,CC(C)N(CCC(C(N)=O)(c1ccccc1)c1ccccn1)C(C)C,0
50773415,O=C(O[C@@H]1C[C@@H]2C[C@H]3C[C@H](C1)N2CC3=O)c1c[nH]c2ccccc12,0
50773416,O=c1[nH]c2ccccc2n1CCCN1CCC(n2c(=O)[nH]c3cc(Cl)ccc32)CC1,0
50773417,CN(C)CC/C=C1\c2ccccc2COc2ccccc21,0
50773418,CNCC[C@H](Oc1cccc2ccccc12)c1cccs1,0
50773419,CC(C)(C)c1ccc(C(=O)CCCN2CCC(OC(c3ccccc3)c3ccccc3)CC2)cc1,0
50773420,O=C1Nc2ccc(Cl)cc2[C@@](C#CC2CC2)(C(F)(F)F)O1,0
50773421,CC[C@H]1CN2CCc3cc(OC)c(OC)cc3[C@@H]2C[C@@H]1C[C@H]1NCCc2cc(OC)c(OC)cc21,0
50773422,Nc1nc(=O)n([C@@H]2CS[C@H](CO)O2)cc1F,0
50773423,CCOC(=O)[C@H](CCc1ccccc1)N[C@@H](C)C(=O)N1CCC[C@H]1C(=O)O,0
50773424,CCn1cc(C(=O)O)c(=O)c2cc(F)c(N3CCNCC3)nc21,0
50773425,C=C1[C@H](CO)[C@@H](O)C[C@@H]1n1cnc2c(=O)[nH]c(N)nc21,0
50773426,COC(=O)[C@@H]1CC2=CC(=O)CC[C@]2(C)[C@@]23O[C@@H]2C[C@@]2(C)[C@@H](CC[C@@]24CCC(=O)O4)[C@H]13,0
50773427,CCCCc1ncc(/C=C(\Cc2cccs2)C(=O)O)n1Cc1ccc(C(=O)O)cc1,0
50773428,C[C@@H](O)[C@H]1C(=O)N2C(C(=O)O)=C(S[C@@H]3CN[C@H](C(=O)Nc4cccc(C(=O)O)c4)C3)[C@H](C)[C@H]12,0
50773497,CC(C(=O)O)c1ccc2c(c1)Cc1cccnc1O2,0
50773498,C=CC1=C(C(=O)O)N2C(=O)[C@@H](NC(=O)/C(=N\O)c3csc(N)n3)[C@H]2SC1,0
50773499,O=C(O)CCc1nc(-c2ccccc2)c(-c2ccccc2)o1,0
50773500,COC(=O)Nc1nc2ccc(C(=O)c3ccccc3)cc2[nH]1,0
50773501,O=C1CCc2cc(OCCCCc3nnnn3C3CCCCC3)ccc2N1,0
50773502,COc1cccc2c1C(=O)c1c(O)c3c(c(O)c1C2=O)C[C@@](O)(C(=O)CO)C[C@@H]3O[C@H]1C[C@H](N)[C@H](O)[C@H](C)O1,0
50773503,COc1ccc(Cc2nccc3cc(OC)c(OC)cc23)cc1OC,0
50773504,Nc1c2c(nc3ccccc13)CCCC2,0
50773505,CO/N=C(\C(=O)N[C@@H]1C(=O)N2C(C(=O)O)=C(COC(C)=O)CS[C@H]12)c1csc(N)n1,0
50773506,CO/N=C(\C(=O)N[C@@H]1C(=O)N2C(C(=O)OC(C)OC(C)=O)=C(COC(N)=O)CS[C@H]12)c1ccco1,0
50773507,COc1cc([C@@H]2c3cc4c(cc3[C@@H](O[C@@H]3O[C@@H]5CO[C@@H](c6cccs6)O[C@H]5[C@H](O)[C@H]3O)[C@H]3COC(=O)[C@H]23)OCO4)cc(OC)c1O,0
50773508,CC[C@]1(O)C[C@H]2CN(CCc3c([nH]c4ccccc34)[C@@](C(=O)OC)(c3cc4c(cc3OC)N(C)[C@H]3[C@@](O)(C(=O)OC)[C@H](OC(C)=O)[C@]5(CC)C=CCN6CC[C@]43[C@@H]65)C2)C1,0
50773509,C[C@H]1C[C@@H]2[C@H]([C@@H](O)C[C@@]3(C)[C@H]2CC[C@]3(O)C(=O)CO)[C@@]2(C)C=CC(=O)C=C12,0
50773510,C=C[C@H]1CN2CC[C@H]1C[C@@H]2[C@@H](O)c1ccnc2ccc(OC)cc12,0
50773513,CCn1cc(C(=O)O)c(=O)c2ccc(C)nc21,0
50773514,CO/N=C1\CN(c2nc3c(cc2F)c(=O)c(C(=O)O)cn3C2CC2)CC1CN,0
50773515,CCN(CC)CCCC(C)Nc1ccnc2cc(Cl)ccc12,0
50773517,Cn1c(=O)c2[nH]cnc2n(C)c1=O,0
50773519,C[C@]12CC[C@H](O)CC1=CC[C@@H]1[C@@H]2CC[C@]2(C)C(c3cccnc3)=CC[C@@H]12,0
50773520,CCN(CC)CCNC(=O)c1ccc(NC(C)=O)cc1,0
50773521,CC(=O)Nc1nnc(S(N)(=O)=O)s1,0
50773522,Cc1cnc(C(=O)O)c[n+]1[O-],0
50773523,COc1ccc(-c2ccc3cc(C(=O)O)ccc3c2)cc1C12CC3CC(CC(C3)C1)C2,0
50773524,CC(C)(C)NCC(O)c1ccc(O)c(CO)c1,0
50773525,NCCCC(O)(P(=O)(O)O)P(=O)(O)O,0
50773526,C=CCc1ccccc1OCC(O)CNC(C)C,0
50773527,C[C@H]1CN(C[C@H](Cc2ccccc2)C(=O)NCC(=O)O)CC[C@@]1(C)c1cccc(O)c1,0
50773528,NCC[C@H](O)C(=O)N[C@@H]1C[C@H](N)[C@@H](O[C@H]2O[C@H](CN)[C@@H](O)[C@H](O)[C@H]2O)[C@H](O)[C@H]1O[C@H]1O[C@H](CO)[C@@H](O)[C@H](N)[C@H]1O,0
50773764,C=C[C@H]1CN2CC[C@H]1C[C@H]2[C@H](O)c1ccnc2ccc(OC)cc12,0
50773776,Cc1nc(=O)c2cc(CN(C)c3ccc(C(=O)N[C@@H](CCC(=O)O)C(=O)O)s3)ccc2[nH]1,0
50773781,CCOC(=O)[C@H](CCc1ccccc1)N[C@@H](C)C(=O)N1[C@H](C(=O)O)C[C@@H]2CCC[C@@H]21,0
50773786,CNC(=C[N+](=O)[O-])NCCSCc1ccc(CN(C)C)o1,0
50773787,CN1CCc2cccc3c2[C@H]1Cc1ccc(O)c(O)c1-3,0
50773788,CCN1CCC[C@H]1CNC(=O)c1c(OC)ccc(Br)c1OC,0
50773803,Nc1nc2ccc(OC(F)(F)F)cc2s1,0
50773813,Cc1nc2n(c(=O)c1CCN1CCC(c3noc4cc(F)ccc34)CC1)CCCC2,0
50773817,CN(C)CCc1c[nH]c2ccc(Cn3cncn3)cc12,0
50773828,C=CC[N+]1([C@H]2C[C@H]3[C@@H]4CC[C@H]5C[C@H](O)[C@@H](N6CCOCC6)C[C@]5(C)[C@H]4CC[C@]3(C)[C@H]2OC(C)=O)CCCC1,0
50773833,CN(C(=O)c1c(O)c2ccccc2n(C)c1=O)c1ccccc1,0
50773843,OCc1cc(C(O)CNCCCCCCOCCCCc2ccccc2)ccc1O,0
50773845,N#C[C@@H]1C[C@@H]2C[C@@H]2N1C(=O)[C@@H](N)C12CC3CC(CC(O)(C3)C1)C2,0
50773846,C#CCN(C)[C@H](C)Cc1ccccc1,0
50773849,C[C@H](N)C(=O)NCC(=O)N[C@H]1CSSC[C@@H](C(=O)O)NC(=O)[C@H](CO)NC(=O)[C@H]([C@@H](C)O)NC(=O)[C@H](Cc2ccccc2)NC(=O)[C@H]([C@@H](C)O)NC(=O)[C@H](CCCCN)NC(=O)[C@H](Cc2c[nH]c3ccccc23)NC(=O)[C@H](Cc2ccccc2)NC(=O)[C@H](Cc2ccccc2)NC(=O)[C@H](CC(N)=O)NC(=O)[C@H](CCCCN)NC1=O,0
50773851,C[C@@H]1CN(c2c(F)c(N)c3c(=O)c(C(=O)O)cn(C4CC4)c3c2F)C[C@H](C)N1,0
50773854,CO[C@@H]1[C@@H](O[C@@H]2O[C@H](C)[C@@H](O[C@@H]3C[C@](C)(O)[C@H](O)[C@@H](C)O3)[C@H](N(C)C)[C@H]2O)[C@@H](CC=O)C[C@@H](C)[C@@H](O[C@H]2CC[C@H](N(C)C)[C@H](C)O2)/C=C/C=C/C[C@H](C)OC(=O)C[C@H]1O,0
50773860,CC(SC(=O)c1cccs1)C(=O)NCC(=O)O,0
50773914,N#Cc1c(N(CC(=O)O)CC(=O)O)sc(C(=O)O)c1CC(=O)O,0
50773915,CC(=O)NS(=O)(=O)c1ccc(N)cc1,0
50773916,Cc1cc(NS(=O)(=O)c2ccc(N)cc2)no1,0
50773917,Cc1noc(NS(=O)(=O)c2ccc(N)cc2)c1C,0
50773919,CC1=C(CC(=O)O)c2cc(F)ccc2/C1=C\c1ccc([S+](C)[O-])cc1,0
50774099,CCN1CCCC1CNC(=O)c1cc(S(=O)(=O)CC)c(N)cc1OC,0
50774106,CN(C)CCC=C1c2ccccc2CCc2ccccc21,0
50774111,Clc1ccc2c(c1)C(N1CCNCC1)=Nc1ccccc1O2,0
50774112,CC(C)(C#N)c1cc(Cn2cncn2)cc(C(C)(C)C#N)c1,0
50774304,O=C1c2c(O)cccc2Cc2cccc(O)c21,0
50774424,Cc1cc(=O)n(-c2ccccc2)n1C,0
50774425,C[C@@H](O[C@H]1OCCN(Cc2n[nH]c(=O)[nH]2)[C@H]1c1ccc(F)cc1)c1cc(C(F)(F)F)cc(C(F)(F)F)c1,0
50774426,O=C1CCc2ccc(OCCCCN3CCN(c4cccc(Cl)c4Cl)CC3)cc2N1,0
50774427,CO[C@H]1O[C@@H]2O[C@@]3(C)CC[C@H]4[C@H](C)CC[C@@H]([C@H]1C)[C@@]24OO3,0
50774428,C[C@H]1[C@H](OC(=O)CCC(=O)O)O[C@@H]2O[C@@]3(C)CC[C@H]4[C@H](C)CC[C@@H]1[C@@]24OO3,0
50774429,CC(=O)Oc1ccccc1C(=O)O,0
50774430,CC(C)NCC(O)COc1ccc(CC(N)=O)cc1,0
50774431,COc1ccc(CC2c3cc(OC)c(OC)cc3CC[N+]2(C)CCC(=O)OCCCCCOC(=O)CC[N+]2(C)CCc3cc(OC)c(OC)cc3C2Cc2ccc(OC)c(OC)c2)cc1OC,0
50774432,CN1[C@@H]2CC[C@@H]1CC(OC(=O)C(CO)c1ccccc1)C2,0
50774433,Cn1cnc([N+](=O)[O-])c1Sc1ncnc2nc[nH]c12,0
50774434,CC1(C)S[C@@H]2[C@H](NC(=O)[C@H](NC(=O)N3CCNC3=O)c3ccccc3)C(=O)N2[C@H]1C(=O)O,0
50774435,NCC(CC(=O)O)c1ccc(Cl)cc1,0
50774436,O=C(Cn1ccnc1[N+](=O)[O-])NCc1ccccc1,0
50774437,C[C@H]1C[C@H]2[C@@H]3CCC4=CC(=O)C=C[C@]4(C)[C@@]3(F)[C@@H](O)C[C@]2(C)[C@@]1(O)C(=O)CO,0
50774438,O=C(O)CCNC(=O)c1ccccc1,0
50774439,C=C(c1ccc(C(=O)O)cc1)c1cc2c(cc1C)C(C)(C)CCC2(C)C,0
50774440,CC[C@H](C)[C@H](NC(=O)[C@H](CCC(=O)O)NC(=O)[C@H](CCC(=O)O)NC(=O)[C@H](Cc1ccccc1)NC(=O)[C@H](CC(=O)O)NC(=O)CNC(=O)[C@H](CC(N)=O)NC(=O)CNC(=O)CNC(=O)CNC(=O)CNC(=O)[C@@H]1CCCN1C(=O)[C@H](CCCNC(=N)N)NC(=O)[C@@H]1CCCN1C(=O)[C@H](N)Cc1ccccc1)C(=O)N1CCC[C@H]1C(=O)N[C@@H](CCC(=O)O)C(=O)N[C@@H](CCC(=O)O)C(=O)N[C@@H](Cc1ccc(O)cc1)C(=O)N[C@@H](CC(C)C)C(=O)O,0
50774442,CCN[C@H]1CN(CCCOC)S(=O)(=O)c2sc(S(N)(=O)=O)cc21,0
50774443,CCN(CC)CCNC(=O)c1cc(Br)c(N)cc1OC,0
50774444,CN(C)CCC(c1ccc(Br)cc1)c1ccccn1,0
50774445,O=[N+]([O-])C(Br)(CO)CO,0
50774446,CCCCNc1cc(C(=O)O)cc(S(N)(=O)=O)c1Oc1ccccc1,0
50774627,CCCCN1CCCCC1C(=O)Nc1c(C)cccc1C,0
50774628,CC[C@@H](CO)NCCN[C@@H](CC)CO,0
50774629,CCC1(C)CC(=O)NC1=O,0
50774630,CC(=O)NC[C@H]1CN(c2ccc(N3CCOCC3)c(F)c2)C(=O)O1,0
50774631,CCN1CCN(C(=O)N[C@@H](C(=O)N[C@@H]2C(=O)N3[C@@H]2SC(C)(C)[C@@H]3C(=O)O)c2ccccc2)C(=O)C1=O,0
50774632,CCCN[C@H]1CCc2nc(N)sc2C1,0
50774633,OCCOCCN1CCN(C2=Nc3ccccc3Sc3ccccc32)CC1,0
50774634,CC1(C)[C@H](C(=O)O)N2C(=O)C[C@H]2S1(=O)=O,0
50774635,CC(=O)Nc1ccc(S(=O)(=O)Nc2ccc([N+](=O)[O-])cc2)cc1,0
50774636,COc1cccc([C@]2(O)CCCC[C@H]2CN(C)C)c1,0
50774637,COc1cc2nc(N(C)CCCNC(=O)C3CCCO3)nc(N)c2cc1OC,0
50774638,COCCCOc1cc(C[C@@H](C[C@H](N)[C@@H](O)C[C@H](C(=O)NCC(C)(C)C(N)=O)C(C)C)C(C)C)ccc1OC,0
50774639,CC(C)(S)[C@@H](N)C(=O)O,0
50774640,Nc1nnc(-c2cccc(Cl)c2Cl)c(N)n1,0
50774641,N#Cc1ccc(C(c2ccc(C#N)cc2)n2cncn2)cc1,0
50774642,OC[C@H]1O[C@@H](n2cnc3c2N=CNC[C@H]3O)C[C@@H]1O,0
50774647,COc1c(O[C@@H]2O[C@H](CO)[C@@H](O)[C@H](O)[C@H]2O)cc2c(c1OC)-c1ccc(SC)c(=O)cc1C(NC(C)=O)CC2,0
50775499,O=C(O)c1cc(/N=N/c2ccc(S(=O)(=O)Nc3ccccn3)cc2)ccc1O,0
50775501,O=C(O)CCC/C=C\CC1C(O)CC(O)C1/C=C/C(O)COc1cccc(Cl)c1,0
50775503,CCCCC[C@H](O)/C=C/[C@H]1[C@H](O)CC(=O)[C@@H]1CCCCCCC(=O)O,0
50775504,CC(C(=O)O)c1ccc2c(c1)[nH]c1ccc(Cl)cc12,0
50775507,CC[C@@]1(O)C(=O)OCc2c1cc1n(c2=O)Cc2cc3c([N+](=O)[O-])cccc3nc2-1,0
50775511,CC(=O)Oc1cccc2c1C(=O)c1c(OC(C)=O)cc(C(=O)O)cc1C2=O,0
50775512,COc1cc(NS(C)(=O)=O)ccc1Nc1c2ccccc2nc2ccccc12,0
50775514,CC[C@H](C)[C@H](NC(=O)[C@H](CC(C)C)NC(=O)[C@H](CO)NC(=O)[C@H](Cc1cnc[nH]1)NC(=O)[C@@H](NC(=O)[C@H](CC(C)C)NC(=O)[C@H](CO)NC(=O)[C@@H](NC(=O)[C@H](Cc1ccc(O)cc1)NC(C)=O)[C@@H](C)O)[C@@H](C)CC)C(=O)N[C@@H](CCC(=O)O)C(=O)N[C@@H](CCC(=O)O)C(=O)N[C@@H](CO)C(=O)N[C@@H](CCC(N)=O)C(=O)N[C@@H](CC(N)=O)C(=O)N[C@@H](CCC(N)=O)C(=O)N[C@@H](CCC(N)=O)C(=O)N[C@@H](CCC(=O)O)C(=O)N[C@@H](CCCCN)C(=O)N[C@@H](CC(N)=O)C(=O)N[C@@H](CCC(=O)O)C(=O)N[C@@H](CCC(N)=O)C(=O)N[C@@H](CCC(=O)O)C(=O)N[C@@H](CC(C)C)C(=O)N[C@@H](CC(C)C)C(=O)N[C@@H](CCC(=O)O)C(=O)N[C@@H](CC(C)C)C(=O)N[C@@H](CC(=O)O)C(=O)N[C@@H](CCCCN)C(=O)N[C@@H](Cc1c[nH]c2ccccc12)C(=O)N[C@@H](C)C(=O)N[C@@H](CO)C(=O)N[C@@H](CC(C)C)C(=O)N[C@@H](Cc1c[nH]c2ccccc12)C(=O)N[C@@H](CC(N)=O)C(=O)N[C@@H](Cc1c[nH]c2ccccc12)C(=O)N[C@@H](Cc1ccccc1)C(N)=O,0
50775515,C[C@](N)(Cc1ccc(O)c(O)c1)C(=O)O,0
50775517,COc1cc2c3cc1Oc1cc(ccc1O)C[C@@H]1c4c(cc(OC)c(O)c4Oc4ccc(cc4)C[C@@H]3N(C)CC2)CC[N+]1(C)C,0
50775841,N=S(=O)(O)Cc1noc2ccccc12,0
50775843,CN1CCN(C(=O)OC2c3nccnc3C(=O)N2c2ccc(Cl)cn2)CC1,0
50775846,O=C1OC(OC(=O)c2cccnc2Nc2cccc(C(F)(F)F)c2)c2ccccc21,0
50775850,CCOC(=O)c1ccc(C#Cc2ccc3c(c2)C(C)(C)CCS3)nc1,0
50775852,Cc1cn([C@@H]2C[C@@H](O)[C@H](CO)O2)c(=O)[nH]c1=O,0
50775855,Cn1nnc2c(C(N)=O)ncn2c1=O,0
50775856,CC(C)OC(=O)OCOP(=O)(CO[C@H](C)Cn1cnc2c(N)ncnc21)OCOC(=O)OC(C)C,0
50775858,CN(C/C=C/C#CC(C)(C)C)Cc1cccc2ccccc12,0
50775862,CC(C)(C)NCC(O)c1cc(O)cc(O)c1,0
50775868,CC(C)(C)c1ccc(C(O)CCCN2CCC(C(O)(c3ccccc3)c3ccccc3)CC2)cc1,0
50775871,CN(C)[C@@H]1C(O)=C(C(N)=O)C(=O)[C@@]2(O)C(O)=C3C(=O)c4c(O)cccc4[C@@](C)(O)[C@H]3C[C@@H]12,0
50775872,CCN(CC)C(=S)SSC(=S)N(CC)CC,0
50775873,Cn1c(=O)c2nc[nH]c2n(C)c1=O,0
50775875,S=P(N1CC1)(N1CC1)N1CC1,0
50775876,CCN(CC)CCNC(=O)c1cc(S(C)(=O)=O)ccc1OC,0
50775877,Clc1ccccc1CN1CCc2sccc2C1,0
50775879,CCN(CC)CCOc1ccc2c(c1)C(=O)c1cc(OCCN(CC)CC)ccc1-2,0
50775882,CC(C)(C)NC[C@H](O)COc1nsnc1N1CCOCC1,0
50775887,CCS(=O)(=O)CCn1c([N+](=O)[O-])cnc1C,0
50775888,NC[C@H]1O[C@H](O[C@H]2[C@H](O)[C@@H](O[C@H]3O[C@H](CO)[C@@H](O)[C@H](N)[C@H]3O)[C@H](N)C[C@@H]2N)[C@H](N)C[C@@H]1O,0
50775889,CCCCNC(=O)NS(=O)(=O)c1ccc(C)cc1,0
50775890,Cc1cccc(N(C)C(=S)Oc2ccc3ccccc3c2)c1,0
50775892,CCOC(=O)[C@H](CCc1ccccc1)N[C@@H](C)C(=O)N1[C@H](C(=O)O)C[C@H]2CCCC[C@@H]21,0
50775897,O=c1n(CCCN2CCN(c3cccc(Cl)c3)CC2)nc2ccccn12,0
50775899,CC1=C(/C=C/C(C)=C/C=C/C(C)=C/C(=O)O)C(C)(C)CCC1,0
50775901,CC(=O)OCC(=O)[C@@]1(O)[C@H](OC(C)=O)C[C@H]2[C@@H]3CCC4=CC(=O)C=C[C@]4(C)[C@@]3(F)[C@@H](O)C[C@@]21C,0
50775905,Nc1nc(N)c2nc(-c3ccccc3)c(N)nc2n1,0
50775907,C[C@]12CC[C@H]3[C@@H](CC[C@@]45O[C@@H]4C(O)=C(C#N)C[C@]35C)[C@@H]1CC[C@@H]2O,0
50776015,O=C(CC(=O)C(F)(F)F)c1cccs1,0
50776017,COc1ccccc1N1CCN(CCCNc2cc(=O)n(C)c(=O)n2C)CC1,0
50776018,CC(C)[C@H](N)C(=O)OCCOCn1cnc2c(=O)nc(N)[nH]c21,0
50776020,CCCCC(=O)N(Cc1ccc(-c2ccccc2-c2nnn[nH]2)cc1)[C@H](C(=O)O)C(C)C,0
50776022,c1cnc2cc3c(cc2n1)C1CNCC3C1,0
50776025,CC(=O)O[C@H]1C[C@@H]2CC[C@@H]3[C@H](CC[C@@]4(C)[C@H]3C[C@H]([N+]3(C)CCCCC3)[C@@H]4OC(C)=O)[C@@]2(C)C[C@@H]1N1CCCCC1,0
50776028,COc1ccc(C(CN(C)C)C2(O)CCCCC2)cc1,0
50776029,C=CC(N)CCC(=O)O,0
50776032,N#C[C@@H]1CCCN1C(=O)CNC12CC3CC(CC(O)(C3)C1)C2,0
50776034,CC[C@]1(O)C[C@H]2CN(CCc3c([nH]c4ccccc34)[C@@](C(=O)OC)(c3cc4c(cc3OC)N(C=O)[C@H]3[C@@](O)(C(=O)OC)[C@H](OC(C)=O)[C@]5(CC)C=CCN6CC[C@]43[C@@H]65)C2)C1,0
50776039,OCC(CO)N[C@H]1C[C@](O)(CO)[C@@H](O)[C@H](O)[C@H]1O,0
50776040,C[C@@H](c1ncncc1F)[C@](O)(Cn1cncn1)c1ccc(F)cc1F,0
50776041,O=C(CCCCCCC(=O)Nc1ccccc1)NO,0
50776042,O=C(NCCNCC(O)COc1ccc(O)cc1)N1CCOCC1,0
50776043,Nc1ccn([C@H]2CC[C@@H](CO)O2)c(=O)n1,0
50776045,CCN(C(C)=O)c1cccc(-c2ccnc3c(C#N)cnn23)c1,0
50776049,CC(c1cc2ccccc2s1)N(O)C(N)=O,0
50776067,O=C1Cc2cc(CCN3CCN(c4nsc5ccccc45)CC3)c(Cl)cc2N1,0
50776068,CN(C)CCc1c[nH]c2ccc(C[C@H]3COC(=O)N3)cc12,0
50776347,NCC1OC(OC2C(CO)OC(OC3C(O)C(N)CC(N)C3OC3OC(CN)C(O)C(O)C3N)C2O)C(N)C(O)C1O,0
50776349,CN1CCC[C@H]1c1cccnc1,0
50776352,O=C1CN=C(c2ccccc2)c2cc([N+](=O)[O-])ccc2N1,0
50776353,Cc1cc2c(s1)Nc1ccccc1N=C2N1CCN(C)CC1,0
50776354,CCOC(=O)C1=C[C@@H](OC(CC)CC)[C@H](NC(C)=O)[C@@H](N)C1,0
50776355,Fc1ccc([C@@H]2CCNC[C@H]2COc2ccc3c(c2)OCO3)cc1,0
50776356,Cc1cccn2c(=O)c(-c3nnn[nH]3)cnc12,0
50776359,CCC[C@H](N[C@@H](C)C(=O)N1[C@H](C(=O)O)C[C@@H]2CCCC[C@@H]21)C(=O)OCC,0
50776361,NC(=O)CN1CCCC1=O,0
50776365,CC[C@H](C)C(=O)O[C@H]1C[C@H](O)C=C2C=C[C@H](C)[C@H](CC[C@@H](O)C[C@@H](O)CC(=O)O)[C@H]21,0
50776367,Cc1onc(-c2ccccc2)c1-c1ccc(S(N)(=O)=O)cc1,0
50776374,CS(=O)(=O)c1ccc(C2=C(c3ccccc3)C(=O)OC2)cc1,0
50776378,Cc1cn([C@H]2C[C@H](N=[N+]=[N-])[C@@H](CO)O2)c(=O)[nH]c1=O,0
50776526,CC(C)C[C@H](CN)CC(=O)O,0
50776528,CNNCc1ccc(C(=O)NC(C)C)cc1,0
50776531,CC(C)NCC(O)COc1cccc2ccccc12,0
50776538,CCC(=O)NCC[C@@H]1CCc2ccc3c(c21)CCO3,0
50776540,C#CCN[C@@H]1CCc2ccccc21,0
50776543,O=C(NC[C@H]1CN(c2ccc(N3CCOCC3=O)cc2)C(=O)O1)c1ccc(Cl)s1,0
50776544,CC[C@H]1OC(=O)[C@H](C)[C@@H](O[C@H]2C[C@@](C)(OC)[C@@H](O)[C@H](C)O2)[C@H](C)[C@@H](O[C@@H]2O[C@H](C)C[C@H](N(C)C)[C@H]2O)[C@](C)(O)C[C@@H](C)/C(=N\OCOCCOC)[C@H](C)[C@@H](O)[C@]1(C)O,0
50776545,COc1cc2nc(N3CCN(C(=O)c4ccco4)CC3)nc(N)c2cc1OC,0
50776548,O=C1CN(/N=C/c2ccc([N+](=O)[O-])o2)C(=O)N1,0
50776552,CC(C)c1nc(N(C)S(C)(=O)=O)nc(-c2ccc(F)cc2)c1/C=C/[C@@H](O)C[C@@H](O)CC(=O)O,0
50776555,CO/N=C(\C(=O)N[C@@H]1C(=O)N2C(C(=O)O)=C(CSc3nc(=O)c(=O)[nH]n3C)CS[C@H]12)c1csc(N)n1,0
50776557,C=CCCCCCCCCC(=O)O,0
50776558,C[C@H]1O[C@H](O[C@H]2[C@H](O)[C@@H](O)[C@@H](O[C@H]3[C@H](O)[C@@H](O)C(O)O[C@@H]3CO)O[C@@H]2CO)[C@H](O)[C@@H](O)[C@@H]1N[C@H]1C=C(CO)[C@@H](O)[C@H](O)[C@H]1O,0
50776560,Nc1nc(O)c2ncn(COCCO)c2n1,0
50776561,O=c1[nH]cnc2[nH]ncc12,0
50776562,CCC1(c2ccc(N)cc2)CCC(=O)NC1=O,0
50776570,CN(C)CCC[C@@]1(c2ccc(F)cc2)OCc2cc(C#N)ccc21,0
50776571,COc1cc([C@@H]2c3cc4c(cc3[C@@H](O[C@@H]3O[C@@H]5CO[C@@H](C)O[C@H]5[C@H](O)[C@H]3O)[C@H]3COC(=O)[C@H]23)OCO4)cc(OC)c1O,0
50776572,N=C(N)Nc1nc(CSCCC(=N)NS(N)(=O)=O)cs1,0
50776573,CN1CCN(c2c(F)cc3c(=O)c(C(=O)O)cn(CCF)c3c2F)CC1,0
50776574,CCOC(=O)c1ncn2c1CN(C)C(=O)c1cc(F)ccc1-2,0
50776575,CNCCC(Oc1ccc(C(F)(F)F)cc1)c1ccccc1,0
50776576,COc1ccc(CC(C)NCC(O)c2ccc(O)c(NC=O)c2)cc1,0
50776600,O=C(O)P(=O)(O)O,0
50776601,Nc1nc(O)c2ncn(COC(CO)CO)c2n1,0
50776602,Cc1ccc(S(=O)(=O)NC(=O)NN2CC3CCCC3C2)cc1,0
50776603,NS(=O)(=O)c1cc2c(cc1Cl)NCNS2(=O)=O,0
50776604,O=P1(NCCCl)OCCCN1CCCl,0
50776606,NNC(=O)c1ccncc1,0
50776607,CN1CCC(=C2c3ccccc3CC(=O)c3sccc32)CC1,0
50776609,CC[C@@H](C(N)=O)N1CCCC1=O,0
50776627,CC1(C)S[C@@H]2[C@H](NC(=O)[C@H](N)c3ccc(O)cc3)C(=O)N2[C@H]1C(=O)O,0
50776628,CC(=O)Nc1ccc(O)cc1,0
50776629,C[C@@H]1CC[C@H]2[C@@H](C)C(=O)O[C@@H]3O[C@@]4(C)CC[C@@H]1[C@]32OO4,0
50776630,CNCC[C@@H](Oc1ccccc1C)c1ccccc1,0
50776631,CC[C@H]1OC(=O)[C@H](C)[C@@H](O[C@H]2C[C@@](C)(OC)[C@@H](O)[C@H](C)O2)[C@H](C)[C@@H](O[C@@H]2O[C@H](C)C[C@H](N(C)C)[C@H]2O)[C@](C)(O)C[C@@H](C)CN(C)[C@H](C)[C@@H](O)[C@]1(C)O,0
50776632,CCOC(=O)c1ccc(N)cc1,0
50776633,CC(C)NCC(O)COc1ccc(COCCOC(C)C)cc1,0
50776634,Nc1c(CC(=O)O)cccc1C(=O)c1ccc(Br)cc1,0
50776661,O=P1(N(CCCl)CCCl)NCCCO1,0
50776667,CCCCCCCCCC(=O)N[C@@H](Cc1c[nH]c2ccccc12)C(=O)N[C@@H](CC(N)=O)C(=O)N[C@@H](CC(=O)O)C(=O)N[C@@H]1C(=O)NCC(=O)N[C@@H](CCCN)C(=O)N[C@@H](CC(=O)O)C(=O)N[C@H](C)C(=O)N[C@@H](CC(=O)O)C(=O)NCC(=O)N[C@H](CO)C(=O)N[C@@H]([C@@H](C)CC(=O)O)C(=O)N[C@@H](CC(=O)c2ccccc2N)C(=O)O[C@@H]1C,0
50776675,N=C(N)NCCC[C@@H](NC(=O)[C@@H]1CCCN1C(=O)[C@@H]1CSSCCC(=O)N[C@@H](Cc2ccc(O)cc2)C(=O)N[C@@H](Cc2ccccc2)C(=O)N[C@@H](CCC(N)=O)C(=O)N[C@@H](CC(N)=O)C(=O)N1)C(=O)NCC(N)=O,0
50776702,CC(=O)Nc1c(I)c(NC(C)=O)c(I)c(C(=O)O)c1I,0
50776762,CS(=O)(=O)OCCCCOS(C)(=O)=O,0
50776764,C[C@H](CS)C(=O)N1CCC[C@H]1C(=O)O,0
50776766,COc1ccccc1OCCNCC(O)COc1cccc2[nH]c3ccccc3c12,0
50776816,CO[C@@]1(NC(=O)C2SC(=C(C(N)=O)C(=O)O)S2)C(=O)N2C(C(=O)O)=C(CSc3nnnn3C)CS[C@@H]21,0
50776817,Clc1cccc(N2CCNCC2)c1,0
50776818,NS(=O)(=O)c1cc(C2(O)NC(=O)c3ccccc32)ccc1Cl,0
50776819,Nc1ccn(C[C@@H](CO)OCP(=O)(O)O)c(=O)n1,0
50776821,CN(C)CCCC1(c2ccc(F)cc2)OCc2cc(C#N)ccc21,0
50776822,CN1C(=O)CC(=O)N(c2ccccc2)c2cc(Cl)ccc21,0
50776824,COc1cc2c(c(OC)c1OC)-c1ccc(OC)c(=O)cc1[C@@H](NC(C)=O)CC2,0
50776843,COc1ccc([C@@H]2Sc3ccccc3N(CCN(C)C)C(=O)[C@@H]2OC(C)=O)cc1,0
50776849,CN(CCOc1ccc(NS(C)(=O)=O)cc1)CCc1ccc(NS(C)(=O)=O)cc1,0
50776851,C[C@H]1c2cccc(O)c2C(=O)C2=C(O)[C@]3(O)C(=O)C(C(N)=O)=C(O)[C@@H](N(C)C)[C@@H]3[C@@H](O)[C@@H]21,0
50776856,NCCCC(N)(C(=O)O)C(F)F,0
50776858,C[C@H](N[C@@H](CCc1ccccc1)C(=O)O)C(=O)N1CCC[C@H]1C(=O)O,0
50776861,N=C(N)NCCCC[C@@H]1NC(=O)CCSSC[C@@H](C(N)=O)NC(=O)[C@@H]2CCCN2C(=O)[C@H](Cc2c[nH]c3ccccc23)NC(=O)[C@H](CC(=O)O)NC(=O)CNC1=O,0
50776934,C#C[C@]1(O)CC[C@H]2[C@@H]3CCC4=CC(=O)CC[C@@H]4[C@H]3CC[C@@]21CC,0
50776935,CN(C)c1ccc(O)c2c1C[C@H]1C[C@H]3[C@H](N(C)C)C(O)=C(C(N)=O)C(=O)[C@@]3(O)C(O)=C1C2=O,0
50776936,CN1[C@@H]2C[C@H](OC(=O)[C@H](CO)c3ccccc3)C[C@H]1[C@@H]1O[C@@H]12,0
50777144,S=c1[nH]cnc2nc[nH]c12,0
50777147,C[C@@H](O)[C@H]1C(=O)N2C(C(=O)O)=C(SCCNC=N)C[C@H]12,0
50777148,O=C(O)[C@H]1/C(=C/CO)O[C@@H]2CC(=O)N21,0
50777226,O=C(c1ccccc1)c1ccc2n1CCC2C(=O)O,0
50777227,CC[C@@]1(O)C(=O)OCc2c1cc1n(c2=O)Cc2cc3ccccc3nc2-1,0
50777228,O=C(O)Cc1ccc(-c2ccccc2)cc1,0
50777368,CCCCCNC(=N)N/N=C/c1c[nH]c2ccc(OC)cc12,0
50777394,CN1CC(=O)N2[C@H](c3ccc4c(c3)OCO4)c3[nH]c4ccccc4c3C[C@@H]2C1=O,0
50777395,CN1C(C(=O)Nc2ccccn2)=C(O)c2sccc2S1(=O)=O,0
50777436,NCCCC[C@H](NC(=O)[C@@H]1CCCN1C(=O)[C@@H]1CSSC[C@H](NC(=O)CNC(=O)CNC(=O)CN)C(=O)N[C@@H](Cc2ccc(O)cc2)C(=O)N[C@@H](Cc2ccccc2)C(=O)N[C@@H](CCC(N)=O)C(=O)N[C@@H](CC(N)=O)C(=O)N1)C(=O)NCC(N)=O,0
50777446,CS(=O)(=O)c1ccc([C@@H](O)[C@@H](CO)NC(=O)C(Cl)Cl)cc1,0
50777454,CN(C)c1cc(NC(=O)CNC(C)(C)C)c(O)c2c1C[C@H]1C[C@H]3[C@H](N(C)C)C(O)=C(C(N)=O)C(=O)[C@@]3(O)C(O)=C1C2=O,0
50777456,Clc1ccc2nsnc2c1NC1=NCCN1,0
50777463,CC1(C)O[C@@H]2[C@@H](CO[C@@]3(COS(N)(=O)=O)OC(C)(C)O[C@@H]23)O1,0
50777471,CC1(C)O[C@@H]2C[C@H]3[C@@H]4CCC5=CC(=O)C=C[C@]5(C)[C@@]4(F)[C@@H](O)C[C@]3(C)[C@]2(C(=O)CO)O1,0
50777482,COc1cc(Cc2cnc(N)nc2N)cc(OC)c1OC,0
50777526,N[C@@H](CC(=O)N1CCn2c(nnc2C(F)(F)F)C1)Cc1cc(F)c(F)cc1F,0
50777527,Cc1cn([C@H]2C=C[C@@H](CO)O2)c(=O)[nH]c1=O,0
50777528,Nc1ccc(S(=O)(=O)Nc2ncccn2)cc1,0
50777530,CNS(=O)(=O)Cc1ccc2[nH]cc(CCN(C)C)c2c1,0
50777537,C=C1CC[C@@]2(O)[C@H]3Cc4ccc(O)c5c4[C@@]2(CCN3CC2CC2)[C@H]1O5,0
50777538,O[C@@H](CNC[C@H](O)[C@H]1CCc2cc(F)ccc2O1)[C@@H]1CCc2cc(F)ccc2O1,0
50777574,O=P(O)(O)C(O)(Cn1ccnc1)P(=O)(O)O,0
50777769,CCCc1cc(=O)[nH]c(=S)[nH]1,0
50777774,CN(CCCN1c2ccccc2CCc2ccccc21)CC(=O)c1ccc(Cl)cc1,0
50777777,N=C(N)NCCC[C@H](NC(=O)[C@@H]1CCCN1C(=O)[C@@H]1CSSC[C@H](N)C(=O)N[C@@H](Cc2ccc(O)cc2)C(=O)N[C@@H](Cc2ccccc2)C(=O)N[C@@H](CCC(N)=O)C(=O)N[C@@H](CC(N)=O)C(=O)N1)C(=O)NCC(N)=O,0
50777778,CC1CCN(CCCC(=O)c2ccc(F)cc2)CC1,0
50777779,CN(C)C(=N)N=C(N)N,0
50777780,COc1ccc2cc1Oc1cc3c(cc1OC)CC[N+](C)(C)[C@H]3Cc1ccc(cc1)Oc1c(OC)c(OC)cc3c1[C@@H](C2)[N+](C)(C)CC3,0
50777795,Nc1cc(N2CCCCC2)nc(N)[n+]1[O-],0
50777801,CCOC(=O)/N=c1/c[n+](N2CCOCC2)[n-]o1,0
50771820,CCCSc1ccc2nc(NC(=O)OC)[nH]c2c1,0
50771823,COc1cc2nc(N3CCN(C(=O)C4CCCO4)CC3)nc(N)c2cc1OC,0
50772064,CCCCC[C@H](O)/C=C/[C@@H]1[C@@H](C/C=C\CCCC(=O)O)[C@@H](O)C[C@H]1O,0
50772132,O=c1c(O)c(-c2ccc(O)c(O)c2)oc2cc(O)cc(O)c12,0
50772141,Cc1nnc(SCC2=C(C(=O)O)N3C(=O)[C@@H](NC(=O)Cn4cnnn4)[C@H]3SC2)s1,0
50772151,COc1ccc2cccc(CCNC(C)=O)c2c1,0
50772158,Nc1cc(-c2ccncc2)c[nH]c1=O,0
50772160,CCOc1ccc(C[C@H]2NC(=O)CCSSC[C@@H](C(=O)N3CCC[C@H]3C(=O)N[C@@H](CCCN)C(=O)NCC(N)=O)NC(=O)[C@H](CC(N)=O)NC(=O)[C@H]([C@@H](C)O)NC(=O)[C@H]([C@@H](C)CC)NC2=O)cc1,0
50772161,CC(=O)Oc1ccc(C(c2ccc(OC(C)=O)cc2)c2ccccn2)cc1,0
50772200,CN(C)CC[C@@H](c1ccc(Cl)cc1)c1ccccn1,0
50772201,C[C@@H](O)[C@H]1C(=O)N2C(C(=O)O)=C(S[C@@H]3CN[C@H](CNS(N)(=O)=O)C3)[C@H](C)[C@H]12,0
50772205,CC(NC(C)(C)C)C(=O)c1cccc(Cl)c1,0
50772206,C=CC1=C(C(=O)O)N2C(=O)[C@@H](NC(=O)/C(=N\OCC(=O)O)c3csc(N)n3)[C@H]2SC1,0
50772208,Cc1cc(C2CCCCC2)n(O)c(=O)c1,0
50772209,CN(C)CCCN1c2ccccc2CCc2ccc(Cl)cc21,0
50772216,COc1c(N2CCNC(C)C2)c(F)cc2c(=O)c(C(=O)O)cn(C3CC3)c12,0
50772217,CNC1(c2ccccc2Cl)CCCCC1=O,0
50772224,OC(CCN1CCCC1)(c1ccccc1)C1CCCCC1,0
50772225,NC(=O)c1ncn([C@@H]2O[C@H](CO)[C@@H](O)[C@H]2O)n1,0
50772226,CC(C)NCC(O)c1ccc(NS(C)(=O)=O)cc1,0
50772229,Cc1ccc(-c2nc3ccc(C)cn3c2CC(=O)N(C)C)cc1,0
50772237,O=c1[nH]c(=O)n([C@H]2CCCO2)cc1F,0
50772238,CC(=O)Nc1ccc(/C=N/NC(N)=S)cc1,0
50772239,Cc1ccc(O)c([C@H](CCN(C(C)C)C(C)C)c2ccccc2)c1,0
50772244,COc1ccc2[nH]cc(CCNC(C)=O)c2c1,0
50772245,OCCN1C[C@H](O)[C@@H](O)[C@H](O)[C@H]1CO,0
50772248,CC(C)[C@H]1CC[C@H](C(=O)N[C@H](Cc2ccccc2)C(=O)O)CC1,0
50772288,CS(=O)(=O)Nc1ccc([N+](=O)[O-])cc1Oc1ccccc1,0
50772289,OCCN1CCN(CCCN2c3ccccc3Sc3ccc(Cl)cc32)CC1,0
50772302,c1ccc2c(c1)OCC(C1=NCCN1)O2,0
50772317,NC(=O)N1c2ccccc2CC(=O)c2ccccc21,0
50772319,COc1cccc2c1C(=O)c1c(O)c3c(c(O)c1C2=O)C[C@@](O)(C(=O)CO)C[C@@H]3O[C@H]1C[C@H](N)[C@@H](O)[C@H](C)O1,0
50772634,CCN1CCC[C@H]1CNC(=O)c1cc(S(N)(=O)=O)ccc1OC,0
50772636,CCN(CC)CC(=O)Nc1c(C)cccc1C,0
50772639,NCCCC[C@H](N[C@@H](CCc1ccccc1)C(=O)O)C(=O)N1CCC[C@H]1C(=O)O,0
50772642,O=NN(CCCl)C(=O)NC1CCCCC1,0
50772643,CC(C)N1CCC(N(C(=O)Cc2ccccc2)c2ccc(Cl)cc2)CC1,0
50772646,Cc1ccc(Nc2c(F)cccc2Cl)c(CC(=O)O)c1,0
50772647,NCc1ccc(S(N)(=O)=O)cc1,0
50772649,CNCCCC12CCC(c3ccccc31)c1ccccc12,0
50772653,COc1ccc(Cl)cc1[C@]1(F)C(=O)Nc2cc(C(F)(F)F)ccc21,0
50772658,Cc1cccc(Nc2ccccc2C(=O)O)c1C,0
50772661,N[C@@H](Cc1ccc(N(CCCl)CCCl)cc1)C(=O)O,0
50772663,C[C@@H](O)[C@H]1C(=O)N2C(C(=O)O)=C(S[C@@H]3CN[C@H](C(=O)N(C)C)C3)[C@H](C)[C@H]12,0
50772666,O=S(=O)(O)CCS,0
50772670,Cn1cc[nH]c1=S,0
50772671,CN(Cc1cnc2nc(N)nc(N)c2n1)c1ccc(C(=O)N[C@@H](CCC(=O)O)C(=O)O)cc1,0
50772672,CCN(CC)CCNC(=O)c1cc(Cl)c(N)cc1OC,0
50772673,COCCc1ccc(OCC(O)CNC(C)C)cc1,0
50772674,Cc1ncc([N+](=O)[O-])n1CCO,0
50772677,Cc1cccc(C)c1OCC(C)N,0
50772680,CN1CCN2c3ncccc3Cc3ccccc3C2C1,0
50772682,NC(=O)c1ncn([C@@H]2O[C@H](CO)[C@@H](O)[C@H]2O)c1O,0
50772684,O=C(NCCN1CCOCC1)c1ccc(Cl)cc1,0
50772686,COc1c(N2C[C@@H]3CCCN[C@@H]3C2)c(F)cc2c(=O)c(C(=O)O)cn(C3CC3)c12,0
50772690,C/C(=C\C(=O)OCCCCCCCCC(=O)O)C[C@@H]1OC[C@H](C[C@@H]2O[C@H]2[C@@H](C)[C@H](C)O)[C@@H](O)[C@H]1O,0
50772691,CC(C)(C)NCC(O)COc1cccc2c1CC(O)C(O)C2,0
50772692,C=CCN1CC[C@]23c4c5ccc(O)c4O[C@H]2C(=O)CC[C@@]3(O)[C@H]1C5,0
50772693,COc1ccc2cc([C@H](C)C(=O)O)ccc2c1,0
50772696,C[C@@H]1C/C=C/C=C/C=C/C=C/[C@H](O[C@@H]2O[C@H](C)[C@@H](O)[C@H](N)[C@@H]2O)C[C@@H]2O[C@](O)(C[C@@H](O)C[C@H]3O[C@@H]3/C=C/C(=O)O1)C[C@H](O)[C@H]2C(=O)O,0
50772697,CN1CCOC(c2ccccc2)c2ccccc2C1,0
50754055,CNC[C@H](O)Cc1ccc(Cl)c(C(=O)NCC23CC4CC(CC(C4)C2)C3)c1,0
50753460,Cc1ccc(-n2c3c/c(=N\C(C)C)c(Nc4ccc(Cl)cc4)cc-3nc3ccccc32)cc1,0
50754280,Cc1ccc2c(c1)c1c(n2CCc2ccc(C)nc2)CCN(C)C1,0
50753726,CCN(CC)C(C)CN1c2ccccc2Sc2ccccc21,0
50753491,CC(C)(C)C(=O)Oc1ccc(S(=O)(=O)Nc2ccccc2C(=O)NCC(=O)O)cc1,0
50754329,O=C1CN(/N=C/c2ccc(-c3ccc([N+](=O)[O-])cc3)o2)C(=O)N1,0
50753949,COc1cc2c(cc1OC)C(=O)C(CC1CCN(Cc3ccccc3)CC1)C2,0
50754547,CCN(Cc1ccncc1)C(=O)C(CO)c1ccccc1,0
50754072,CCN(CC)CCOC(=O)C(c1ccccc1)c1ccccc1,0
50753446,CC(N/C(=N\C#N)Nc1ccncc1)C(C)(C)C,0
50754447,CCCCCC(O)C1C(=O)OC(C)C(O)/C=C/C=C/C=C/C=C/C=C(/C)C(O)CC(O)CC(O)CC(O)CC(O)CC(O)CC1O,0
50754174,CCS(=O)(=O)c1ccc(-c2cc(Cl)ccc2OCC(=O)O)c(F)c1,0
50753531,C[C@H](NCc1ccc(OCc2ccccc2F)cc1)C(N)=O,0
51026621,COc1ccc(CCN(C)CCC[C@](C#N)(c2ccc(OC)c(OC)c2)C(C)C)cc1OC,0
50753613,CC(C)(Oc1ccc(CCNC(=O)c2ccc(Cl)cc2)cc1)C(=O)O,0
50754514,CCCCOC(=O)c1ccc(N)cc1,0
50753268,NC(=O)c1cc([N+](=O)[O-])cc([N+](=O)[O-])c1,0
50754091,COc1ccc2c(C(=S)N(C)CC(=O)O)cccc2c1C(F)(F)F,0
50754045,CN1[C@@H]2CC[C@H]1C[C@@H](OC(c1ccccc1)c1ccccc1)C2,0
51026622,C[C@H](CCC(=O)NCCS(=O)(=O)O)[C@H]1CC[C@H]2[C@@H]3CC[C@@H]4C[C@H](O)CC[C@]4(C)[C@H]3CC[C@]12C,0
50753575,COc1cc(Nc2ncc(F)c(Nc3ccc4c(n3)NC(=O)C(C)(C)O4)n2)cc(OC)c1OC,0
50753497,CCc1nc(N)nc(N)c1-c1ccc(Cl)cc1,0
50753270,CC(CCC(=O)O)C1CCC2C3C(=O)CC4CC(=O)CCC4(C)C3CC(=O)C12C,0
50375435,Cc1onc(-c2c(F)cccc2Cl)c1C(=O)N[C@@H]1C(=O)N2[C@@H]1SC(C)(C)[C@@H]2C(=O)O,0
51026623,O=C(O[C@@H]1Cc2c(O)cc(O)cc2O[C@@H]1c1cc(O)c(O)c(O)c1)c1cc(O)c(O)c(O)c1,0
50753998,O=C(NCC1CCCCN1)c1cc(OCC(F)(F)F)ccc1OCC(F)(F)F,0
50375250,Cc1onc(-c2ccccc2Cl)c1C(=O)N[C@@H]1C(=O)N2[C@@H]1SC(C)(C)[C@@H]2C(=O)O,0
50753860,CC(C)(C(=O)c1cccnc1)c1cccnc1,0
50754303,CN(C)C/C=C(/c1ccc(Br)cc1)c1cccnc1,0
50754415,O=C(O)c1ccc(NC(=O)[C@H](Cc2ccc(O)cc2)NC(=O)c2ccccc2)cc1,0
50754418,C[C@]12C=CC(=O)C=C1CCC1C3C[C@@H](O)[C@](O)(C(=O)CO)[C@@]3(C)C[C@H](O)[C@@]12F,0
50754006,O=C(O)Cc1ccccc1Oc1ccc(Cl)cc1Cl,0
50753735,N#Cc1ccccc1OCC(O)CNCCNC(=O)Cc1ccc(O)cc1,0
50754064,Cc1n[nH]c(C)c1Cc1sc2c(c1C(=O)N1C[C@H](O)CO1)c(=O)n(C)c(=O)n2CC(C)C,0
50754319,C[C@]12CCC(=O)C=C1CC[C@@H]1[C@@H]2[C@@H](O)C[C@@]2(C)[C@H]1CC[C@]2(O)C(=O)CO,0
50754308,COC(=O)[C@@H]1[C@H]2C[C@H]3c4[nH]c5ccccc5c4CCN3C[C@@H]2CC[C@@H]1O,0
50754518,C[C@H]1O[C@@H](O[C@H]2[C@@H](O)C[C@H](O[C@H]3[C@@H](O)C[C@H](O[C@H]4CC[C@@]5(C)[C@H](CC[C@@H]6[C@@H]5C[C@@H](O)[C@]5(C)[C@@H](C7=CC(=O)OC7)CC[C@]65O)C4)O[C@@H]3C)O[C@@H]2C)C[C@H](O)[C@@H]1O,0
50753404,CCCc1ccc(OCC(C)O)c2c(=O)cc(C(=O)O)oc12,0
50754168,CCCCOc1ccc(C(=O)CCN2CCCCC2)cc1,0
50754322,CCN1CCCC1CNC(=O)c1cc(S(N)(=O)=O)ccc1OC,0
50754533,CC(CCc1ccccc1)NC(C)C(O)c1ccc(O)cc1,0
50754542,Cc1ccc(S(=O)(=O)NC(=O)NN2CCCCCC2)cc1,0
50753544,CC(Cc1ccccc1)(NC(=O)CN)c1ccccc1,0
50754100,Cc1ccc(/C(=C\CN2CCCC2)c2ccccn2)cc1,0
50753277,CC(C)[N+](C)(CCOC(=O)C1c2ccccc2Oc2ccccc21)C(C)C,0
50753267,CCOCn1cnc2c1c(=O)n(CCCCC(C)(C)O)c(=O)n2C,0
50754464,CCCCOc1cc(C(=O)OCCN(CC)CC)ccc1N,0
50753654,Cc1scc2c1N(C(=O)CN1CCN(C)CC1)c1ccccc1NC2=O,0
50753739,CCCCCC(C)(O)/C=C/[C@@H]1[C@@H](C/C=C\CCCC(=O)O)[C@@H](O)C[C@H]1O,0
50753981,NCCS,0
50753402,N=C(N)N/N=C/c1c(Cl)cccc1Cl,0
50754551,CC(=O)NC[C@H]1CN(c2ccc(-n3cnc(Br)c3)c(F)c2)C(=O)O1,0
50754411,CC1(C)Oc2ccc(C#N)cc2[C@@H](N2CCCC2=O)[C@@H]1O,0
50753977,Oc1ccc(Cl)c2cccnc12,0
50754444,CCCc1c2nc(C(=O)O)cc(C(F)(F)F)c2cc2c(=O)cc(C(=O)O)oc12,0
50753678,Nc1ccc(O)c(C(=O)O)c1,0
50753965,c1ccc2c(c1)sc1ccccc12,0
50753261,CN1CCc2cccc3c2C1Cc1ccc(O)c(O)c1-3,0
50375464,COc1ccc(C(=O)NCc2cccnc2)cc1C(=O)NCc1cccnc1,0
50753576,CC(C)[C@H](O)C(=O)N[C@@H](C)C(=O)N[C@@H]1C(=O)N(C)CCc2ccccc21,0
50754556,CCOc1cc(NC(C)=O)ccc1C(=O)OC,0
50754532,CCCCN(CCCC)CCCOC(=O)c1ccc(N)cc1,0
50754117,COc1ccc(-n2[nH]c(=O)c3[nH]c4cc(Cl)ccc4c(=O)c3c2=O)c(C)c1,0
50754537,CC(CNC1CCCCC1)OC(=O)c1ccccc1,0
50753219,CN1CCC(OC(c2ccccc2)c2ccccc2)CC1,0
50753660,CCCCNc1ccc(C(=O)OCCN(C)C)cc1,0
50753378,CC(C)(C)C(=O)CN1CC2CN(CCCNc3ccc(C#N)cc3)CC(C1)O2,0
50753663,c1ccc2[nH]c(-c3cscn3)nc2c1,0
50754355,CC(COc1ccccc1)NC(C)C(O)c1ccc(O)cc1,0
50375358,CC(C)Cc1ccc(C(C)C(=O)O)cc1,0
50753408,CCCc1c2c(cc3c(=O)cc(C(=O)O)oc13)CCCC2,0
50754093,CCN(CC)c1cc(C)nc2ncnn12,0
50753476,CCCN1CCCC[C@H]1C(=O)Nc1c(C)cccc1C,0
50753282,CC(CCc1ccccc1)NCC(O)c1ccc(O)c(C(N)=O)c1,0
50375410,O=C(O)c1cc(-c2ccccc2)nc2ccccc12,0
50754060,Cc1n[nH]c(C)c1Cc1sc2c(c1C(=O)N1C[C@H](O)CO1)c(=O)n(C)c(=O)n2C(C)C,0
50753641,CC(C(=O)O)c1ccc(-c2ccccc2)c(F)c1,0
50739689,CC(COc1ccccc1)N(CCCl)Cc1ccccc1,0
50739706,CC(CCc1ccc(O)cc1)NCCc1ccc(O)c(O)c1,0
50739697,O=c1ncnc2[nH][nH]cc1-2,0
50375355,CN1Cc2c(N)cccc2C(c2ccccc2)C1,0
50375368,C[N+](C)(C)CC(=O)O,0
50375399,O=C(O)c1ccccc1O,0
50375421,CCCC(CCC)C(=O)O,0
50375422,NCCc1ccc(O)c(O)c1,0
50375429,Cc1ncc(CO)c(CO)c1O,0
50375431,O=c1[nH]c(=O)n([C@@H]2O[C@H](CO)[C@@H](O)[C@@H]2F)cc1I,0
50375436,CC(C)NCC(O)c1ccc(O)c(O)c1,0
50375443,O=C(O)c1cc(=O)c2c(OCC(O)COc3cccc4oc(C(=O)O)cc(=O)c34)cccc2o1,0
50375455,CN(C)CCN(Cc1cccs1)c1ccccn1,0
50375457,NNc1nnc(NN)c2ccccc12,0
50375463,CN[C@@H]1[C@H](O[C@H]2[C@H](O[C@H]3[C@H](O)[C@@H](O)[C@H](NC(=N)N)[C@@H](O)[C@@H]3NC(=N)N)O[C@@H](C)[C@]2(O)C=O)O[C@@H](CO)[C@H](O)[C@H]1O,0
50375475,C#CCN(C)Cc1ccccc1,0
50375481,NC(=O)OCC(COC(N)=O)c1ccccc1,0
50375249,N[C@@H]1CONC1=O,0
50375313,O=C(O)Cc1csc(-c2ccc(Cl)cc2)n1,0
50375318,CNC(=O)Oc1ccc2c(c1)[C@]1(C)CCN(C)[C@@H]1N2C,0
50375334,CC(=O)Nc1ccc(OCC(O)CNC(C)C)cc1,0
50753335,Cc1ccccc1OCC(O)CO,0
50753336,C[N+]1(C)CCCC(OC(=O)C(O)(c2ccccc2)c2ccccc2)C1,0
50753339,CC12CC3CC(C)(C1)CC(N)(C3)C2,0
50753353,O=C(O)CCCC[C@@H]1CCSS1,0
50753355,Cc1nc(C)c(C)nc1C,0
50753360,c1ccc([C@H]2CN3CCSC3=N2)cc1,0
50753368,O=C(Nc1ccc(C(=O)O)c(O)c1)c1ccccc1,0
50753397,N=C1NCCC(C2NC(=O)/C(=C/NC(N)=O)NC(=O)C(CNC(=O)CC(N)CCCN)NC(=O)C(CO)NC(=O)C(N)CNC2=O)N1,0
50753398,CC(C)C(=O)N[C@@H](CS)C(=O)O,0
50753411,C[n+]1ccccc1C=NO,0
50753450,CN/C(=C\[N+](=O)[O-])NCCSCc1ccc(CN(C)C)o1,0
50753479,OCc1ccccc1O[C@@H]1O[C@H](CO)[C@@H](O)[C@H](O)[C@H]1O,0
50753480,O=C(Oc1ccccc1C(=O)O)c1ccccc1O,0
50753481,CN1[C@@H]2C[C@@H](OC(=O)[C@H](CO)c3ccccc3)C[C@H]1[C@@H]1O[C@H]12,0
50753482,CCN(CC)CCNC(=O)c1ccc(NS(C)(=O)=O)cc1,0
50753496,CN(C)C(=O)Oc1ccc[n+](C)c1,0
50753567,CN=C(N)NC(=O)Nc1c(C)cccc1C,0
50753573,CC[C@H]1OC(=O)[C@H](C)[C@H](O[C@H]2C[C@@](C)(OC)[C@@H](O)[C@H](C)O2)[C@H](C)[C@@H](O[C@@H]2O[C@H](C)C[C@H](N(C)C)[C@H]2O)[C@](C)(O)C[C@@H](C)CN(C)[C@H](C)[C@H](O)[C@]1(C)O,0
50753574,O=C(O)c1ccccc1S,0
50753579,N=c1nc(N2CCCCC2)cc(N)n1O,0
50753582,CNC(=O)Oc1ccc2c(c1)C1(C)CCN(C)C1N2C,0
50753199,CN1CCN(CC(=O)N2c3ccccc3C(=O)Nc3cccnc32)CC1,0
50753208,CCCSc1nc(N)c2ncn([C@@H]3O[C@H](CO)[C@@H](O)[C@H]3O)c2n1,0
50753217,Nc1nc(NCCN2CCOCC2)nc2nc(-c3ccco3)nn12,0
50753237,C[N+](C)(C)CC(O)CC(=O)O,0
50753239,CCC1C(=O)OCC1Cc1cncn1C,0
50753251,CC(=O)NC[C@H]1CN(c2cc(F)c(C3=CCN(C(=O)CO)CC3)c(F)c2)C(=O)O1,0
50753258,NC(=O)c1ccc([N+](=O)[O-])cc1Cl,0
50753265,CCCc1ncc(C[n+]2ccccc2C)c(N)n1,0
50753273,CC1(C)CC(O)CC(C)(C)N1[O],0
50754039,CCCSc1nc(N)c2ncn([C@@H]3O[C@H](COP(=O)(O)OP(=O)(O)C(Cl)(Cl)P(=O)(O)O)[C@@H](O)[C@H]3O)c2n1,0
50754040,CC(C)(CO)[C@@H](O)C(=O)NCCCO,0
50753588,CC1=C(C(=O)O)N2C(=O)[C@@H](NC(=O)C(N)C3=CCC=CC3)C2SC1,0
50753589,CCCNC(C)(C)COC(=O)c1ccccc1,0
50753591,CCC1(c2ccccc2)NC(=O)N(C)C1=O,0
50753595,CCN(CC)CCOC(=O)c1ccc(N)cc1Cl,0
50753597,CC(C)(C)NCC(O)COc1cccc2c1CCC(=O)N2,0
50753598,CCOC(=O)n1ccn(C)c1=S,0
50753600,C[N+](C)(C)CCOC(N)=O,0
50753601,COc1cc(C(=O)NCCCCCC(=O)O)cc(OC)c1OC,0
50753602,CSCCNc1nc(SCCC(F)(F)F)nc2c1ncn2[C@@H]1O[C@H](COP(=O)(O)OP(=O)(O)C(Cl)(Cl)P(=O)(O)O)[C@@H](O)[C@H]1O,0
50753610,CC[N+](C)(C)Cc1ccccc1Br,0
50753614,CC(C)NCC(O)COc1ccc(CCOCC2CC2)cc1,0
50753620,NNc1nncc2ccccc12,0
50753622,NCCc1c[nH]cn1,0
50753623,Oc1ccc(C(O)CNCCCCCCNCC(O)c2ccc(O)c(O)c2)cc1O,0
50753624,CC(=O)NCCCCCCNC(C)=O,0
50753628,N=C(N)NCCN1CCCCCCC1,0
50753629,COc1ccccc1O,0
50753638,Nc1nc(=O)c2c([nH]1)NCC(CNc1ccc(C(=O)N[C@@H](CCC(=O)O)C(=O)O)cc1)N2C=O,0
50753662,O=C1CCC(N2C(=O)c3ccccc3C2=O)C(=O)N1,0
50753669,C[C@H](N)[C@H](O)c1cccc(O)c1,0
50753674,CC(C)NCC(O)c1cc(O)cc(O)c1,0
50753682,COc1ccc(CN(CCN(C)C)c2ccccn2)cc1,0
50753703,O=c1ccc2ccccc2o1,0
50753720,CCOC(N)=O,0
50753727,CCc1cc(C(N)=S)ccn1,0
50753730,C[C@]12CC[C@@H]3c4ccc(O)cc4CC[C@H]3[C@@H]1CCC2=O,0
50753731,C[C@]12CC[C@@H]3c4ccc(O)cc4CC[C@H]3[C@@H]1C[C@@H](O)[C@@H]2O,0
50753736,CCCn1c(=O)[nH]c(=O)c2[nH]cnc21,0
50753741,Cc1cccc(C)c1NC(=O)[C@H]1CCCCN1C,0
50753752,O=c1[nH]c(=O)n([C@H]2C[C@H](O)[C@@H](CO)O2)cc1C(F)(F)F,0
50753754,C[N+]1(C)[C@@H]2C[C@@H](OC(=O)C(O)(c3cccs3)c3cccs3)C[C@H]1[C@@H]1O[C@@H]12,0
50753295,CCC(NC(C)C)C(O)c1ccc(O)c(O)c1,0
50753302,c1ccc2c(CCC3CCNCC3)c[nH]c2c1,0
50753314,O=C(O)CCC(=O)Nc1ccc(S(=O)(=O)Nc2nccs2)cc1,0
50753319,Nc1ccc(S(=O)(=O)Nc2ccc(Cl)nn2)cc1,0
50753324,COc1cc(NS(=O)(=O)c2ccc(N)cc2)nc(OC)n1,0
50753325,Cc1cc(C)nc(NS(=O)(=O)c2ccc(N)cc2)n1,0
50753327,COc1ncnc(NS(=O)(=O)c2ccc(N)cc2)c1OC,0
50753330,Cc1ccnc(NS(=O)(=O)c2ccc(N)cc2)n1,0
50753331,Cc1nnc(NS(=O)(=O)c2ccc(N)cc2)s1,0
50754137,CCCCc1ccc2[nH]c(NC(=O)OC)nc2c1,0
50754144,CN(C)CCC(c1ccccc1)c1ccccn1,0
50754147,NC(=O)NC(=O)Cc1ccccc1,0
50754150,Cc1ccc(N(CC2=NCCN2)c2cccc(O)c2)cc1,0
50754151,CC1=C(C/C=C(\C)CCCC(C)CCCC(C)CCCC(C)C)C(=O)c2ccccc2C1=O,0
50754162,CCN(CC)CCOC(=O)c1ccc(N)cc1,0
50754176,CCCCC[C@H](O)/C=C/[C@H]1[C@H](O)CC(=O)[C@@H]1C/C=C\CCCC(=O)O,0
50754177,C[C@@H]1O[C@@H](O[C@H]2C[C@@H](O)[C@]3(CO)[C@H]4[C@H](O)C[C@]5(C)[C@@H](C6=CC(=O)OC6)CC[C@]5(O)[C@@H]4CC[C@]3(O)C2)[C@H](O)[C@H](O)[C@H]1O,0
50754197,NC[C@@H]1O[C@H](O[C@H]2[C@@H](O)[C@H](O[C@@H]3[C@@H](O)[C@H](N)C[C@H](N)[C@H]3O[C@H]3O[C@H](CO)[C@@H](O)[C@H](O)[C@H]3N)O[C@@H]2CO)[C@H](N)[C@@H](O)[C@@H]1O,0
50754261,CCCc1c2oc(C(=O)O)cc(=O)c2cc2c(=O)cc(C(=O)O)oc12,0
50754263,CCCc1c2nc(C(=O)O)cc(O)c2cc2c(=O)cc(C(=O)O)oc12,0
50754270,NC[C@H](O)c1ccc(O)c(O)c1,0
50754284,CC(=O)NS(=O)(=O)c1ccc(NC(=O)c2ccccc2C(=O)O)cc1,0
50754290,CC(C)(Sc1cc(C(C)(C)C)c(O)c(C(C)(C)C)c1)Sc1cc(C(C)(C)C)c(O)c(C(C)(C)C)c1,0
50753757,CN1[C@@H]2CC[C@H]1C[C@@H](OC(=O)[C@H](CO)c1ccccc1)C2,0
50753758,C=CC1CN2CCC1CC2C(O)c1ccnc2ccccc12,0
50753760,CN[C@]1(C)[C@H]2CC[C@H](C2)C1(C)C,0
50753761,N[C@@H]1C[C@H]1c1ccccc1,0
50753764,N=C1NC(O)CC([C@@H]2NC(=O)/C(=C/NC(N)=O)NC(=O)[C@H](CO)NC(=O)[C@H](CO)NC(=O)[C@@H](NC(=O)CC(N)CCCN)CNC2=O)N1,0
50753765,C/C(=N\OC(C)(C)C(=O)O)c1csc(N)n1,0
50753785,CN1[C@@H]2CC[C@H]1C[C@@H](OC(=O)C(CO)c1ccccc1)C2,0
50753794,CN(C)[C@@H]1C(O)=C(C(N)=O)C(=O)[C@@]2(O)C(O)=C3C(=O)c4c(O)cccc4[C@@](C)(O)C3CC12,0
50753818,Cc1ccccc1C(OCCN(C)C)c1ccccc1,0
50753828,CCCc1c2oc(C(=O)O)cc(=O)c2cc2c(=O)cc(C(=O)O)n(CC)c12,0
50753847,c1ccc2c(CC3=NCCN3)cccc2c1,0
50753854,CCCc1c2nc(C(=O)O)cc(NC)c2cc2c(=O)cc(C(=O)O)oc12,0
50753861,CC(=O)Nc1c(I)c(C(=O)N[C@@H]2[C@@H](O)[C@H](O)[C@@H](CO)O[C@@H]2O)c(I)c(N(C)C(C)=O)c1I,0
50753864,Cc1cc(=O)[nH]c(=S)[nH]1,0
50753872,COc1ccccc1OCC(O)COC(N)=O,0
50753947,CN(C)CCOC(C)(c1ccccc1)c1ccccn1,0
50753948,Oc1ccc(CCNCCCCCCNCCc2ccccc2)cc1O,0
50753951,CCCCCCCCCCCCCCCCCCCCCCO,0
50753954,Cn1c(=O)c2c(ncn2CC(O)CO)n(C)c1=O,0
50753959,Oc1c(I)cc(I)c2cccnc12,0
50753962,O=C1c2ccccc2CN2C(=O)c3ccccc3CN12,0
50753970,O=C(O)c1ccc(OCCn2ccnc2)cc1,0
50753999,CC(Cc1ccc(O)cc1)NCC(O)c1cc(O)cc(O)c1,0
50754003,CN1CC(=O)N=C1NC(=O)Nc1cccc(Cl)c1,0
50754008,COC(=O)[C@H](Cc1ccccc1)NC(=O)[C@@H](N)CC(=O)O,0
50754011,COC(=O)C1=CCCN(C)C1,0
50754015,c1ccc(CN(CC2=NCCN2)c2ccccc2)cc1,0
50754030,Nc1ccc(C(=O)NCC(=O)O)cc1,0
50754031,N=C(N)NC(=O)c1nc(Cl)c(N)nc1N,0
50754033,CN(C)c1nc(N(C)C)nc(N(C)C)n1,0
50754558,CC(C[N+](C)(C)C)OC(N)=O,0
50754296,CCCOc1ccc2[nH]c(NC(=O)OC)nc2c1,0
50754297,CN1C(=O)CC(c2ccccc2)C1=O,0
50754301,Cc1cccc(C)c1NC1=NCCCS1,0
50754307,O=C1CC[C@@]2(O)[C@H]3Cc4ccc(O)c5c4[C@@]2(CCN3CC2CC2)[C@H]1O5,0
50754309,CN[C@H]1C(O[C@H]2C(OC3C(O)C(O)C(NC(=N)N)C(O)C3NC(=N)N)OC(C)[C@]2(O)C=O)O[C@H](CO)[C@@H](O)[C@@H]1O,0
50754310,CN1[C@@H]2CC[C@H]1C[C@@H](OC(=O)C(O)c1ccccc1)C2,0
50754313,COc1ccc(OC)c(C(O)C(C)N)c1,0
50754325,O=C1C(O)=C(O)C(=O)C(O)=C1O,0
50754327,CC(C)(C)NC[C@@H](O)c1ccc(O)c(CO)c1,0
50754332,NC(=O)c1ccccc1O,0
50754350,NCC1(CC(=O)O)CCCCC1,0
50754351,Nc1nc(=O)c2nc(CNc3ccc(C(=O)N[C@@H](CCC(=O)O)C(=O)O)cc3)cnc2[nH]1,0
50754353,COc1cccc(N2C(N)=NC(N)=NC23CCCCC3)c1,0
50754437,CCN1CCN(c2cc3c(cc2F)c(=O)c(C(=O)O)cn3C2CC2)CC1,0
50754445,CCCc1c2nc(C(=O)O)cc(N(C)C(C)=O)c2cc2c(=O)cc(C(=O)O)oc12,0
50754450,Cc1cc(-c2ccc(N3C[C@H](Cn4ccnn4)OC3=O)cc2F)on1,0
50754470,CC1=C(C(=O)O)N2C(=O)[C@@H](NC(=O)[C@@H](N)c3ccc(O)cc3)[C@H]2SC1,0
50754496,Nc1ccccc1C(=O)NCC(=O)O,0
50754510,Nc1ncnc2[nH]cnc12,0
50754511,CC(=O)OCC[N+](C)(C)C,0
50754517,CC1(C)OC(=O)NC1=O,0
50754530,CN(C)CCOC(c1ccc(Cl)cc1)c1ccccn1,0
50754541,COc1ccccc1OCC(O)CO,0
50754546,COc1cc(C(=O)N2CCOCC2)cc(OC)c1OC,0
50754553,CC(C)(C)NCC(O)COc1nsnc1N1CCOCC1,0
50754554,CNCC(O)c1cccc(O)c1,0
50754054,NS(=O)(=O)c1ccc(-c2ccc(OC[C@H](O)CCc3cccnc3)cc2)s1,0
50754059,OC[C@@H](O)[C@@H](O[C@@H]1O[C@H](CO)[C@H](O)[C@H](O)[C@H]1O)[C@H](O)[C@@H](O)CO,0
50754065,CN(C)c1ncnc2c1ncn2C1OC(CO)C(N)C1O,0
50754074,CC(=O)Nc1ccc(CC(=O)O)cc1,0
50754077,CC(=O)Nc1ccccc1,0
50754080,Oc1cccc2cccnc12,0
50754083,C1CCc2nnnn2CC1,0
50754088,c1ccc(CC2=NCCN2)cc1,0
50754102,CC(C)(C)NCC(O)c1ccccc1Cl,0
50754115,C[C@@H](COc1ccc(N2CCN(c3ccncc3)CC2)cc1)CC(=O)O,0
50754122,Nc1nc2cc(Cl)ccc2o1,0
50754124,CN1[C@@H]2C[C@@H](OC(=O)[C@H](CO)c3ccccc3)C[C@H]1[C@@H]1O[C@@H]12,0
50754125,CC(C)(CO)[C@@H](O)C(=O)NCCC(=O)O,0
50754126,CC1(C)COC(=O)C1O,0
50754128,C=CCOc1ccccc1OCC(O)CNC(C)C,0
50754130,CNCC(O)c1ccc(O)cc1,0
50739647,CN[C@@H]1[C@H](O[C@H]2[C@H](O[C@@H]3[C@@H](O)[C@H](O)[C@@H](N=C(N)N)[C@H](O)[C@H]3N=C(N)N)O[C@@H](C)[C@]2(O)C=O)O[C@@H](CO)[C@H](O)[C@H]1O,0
50739371,CC(=O)[C@H]1[C@H](C#N)C[C@H]2[C@@H]3CC=C4CC(O)CC[C@]4(C)[C@H]3CC[C@@]21C,0
50739526,CN/C(=N/CCSCc1nc[nH]c1C)NC#N,0
50739549,CN1CC[C@]23c4c5ccc(O)c4O[C@H]2[C@@H](O)C=C[C@H]3[C@H]1C5,0
50739622,NC[C@@H]1O[C@H](O[C@H]2[C@@H](O)[C@H](O[C@@H]3[C@@H](O)[C@H](N)C[C@H](N)[C@H]3O[C@H]3O[C@H](CN)[C@@H](O)[C@H](O)[C@H]3N)O[C@@H]2CO)[C@H](N)[C@@H](O)[C@@H]1O,0
50739362,CCC(=O)N(c1ccccc1)C1(COC)CCN(CCn2nnn(CC)c2=O)CC1,0
50739574,CCC1(c2ccccc2)C(=O)NC(=O)NC1=O,0
393772,CS(=O)(=O)c1ccc(-c2cnc(NCc3ccco3)n3cnnc23)cc1,0
50754099,Cc1cc2cc3c(C)cc(=O)oc3c(C)c2o1,0
50754058,O=C(O)CCCCCCCNC(=O)c1ccccc1O,0
50753585,COc1ccc(CC(N)C(=O)N[C@@H]2[C@@H](CO)OC(n3cnc4c(N(C)C)ncnc43)[C@@H]2O)cc1,0
50754157,NS(=O)(=O)c1cc(C(=O)O)cc(N2CCCC2)c1Oc1ccccc1,0
50753721,CCN1C(=O)NC(c2ccccc2)C1=O,0
50754114,Cc1cc(C(C)(C)C)cc(C)c1CC1=NCCN1,0
50754474,CCCc1c2nc(C(=O)O)cc(Cl)c2cc2c(=O)cc(C(=O)O)oc12,0
50754146,NNCCc1ccccc1,0
50753222,NS(=O)(=O)c1cc(Cl)c(Cl)c(S(N)(=O)=O)c1,0
50754449,COC(=O)N/N=C/c1c[n+]([O-])c2ccccc2[n+]1[O-],0
50753969,N=C(N)N1CCc2ccccc2C1,0
50753299,O=C(CCCCC(=O)Nc1c(I)cc(I)c(C(=O)O)c1I)Nc1c(I)cc(I)c(C(=O)O)c1I,0
50753279,CC(Cc1ccc2c(c1)OCO2)NCC(O)c1ccc(O)c(O)c1,0
50754320,CC[C@H]1OC(=O)[C@H](C)[C@@H](O[C@H]2C[C@@](C)(OC)[C@@H](O)[C@H](C)O2)[C@@H](C)[C@@H](O[C@@H]2O[C@H](C)C[C@H](N(C)C)[C@H]2O)[C@](C)(O)C[C@@H](C)C(=O)[C@H](C)[C@H](O)[C@]1(C)O,0
